draw_number,number,date
1001,"['01', '12', '27', '32', '35', '39', '19']",0001/01/01
1002,"['05', '15', '28', '35', '36', '37', '13']",0001/01/01
1003,"['03', '12', '17', '18', '23', '35', '42']",0001/01/01
1004,"['12', '23', '31', '33', '35', '41', '27']",0001/01/01
1005,"['18', '20', '22', '35', '38', '42', '26']",0001/01/01
1006,"['04', '09', '14', '17', '25', '28', '08']",0001/01/01
1007,"['01', '07', '18', '26', '27', '42', '13']",0001/01/01
1008,"['02', '19', '24', '26', '29', '37', '08']",0001/01/01
1009,"['10', '12', '13', '19', '20', '30', '11']",0001/01/01
1010,"['01', '07', '10', '23', '30', '38', '29']",0001/01/01
1011,"['02', '03', '04', '31', '38', '40', '11']",0001/01/01
1012,"['06', '09', '20', '21', '39', '42', '25']",0001/01/01
1013,"['09', '16', '19', '29', '32', '41', '34']",0001/01/01
1014,"['03', '14', '25', '26', '40', '41', '38']",0001/01/01
1015,"['08', '15', '33', '34', '36', '37', '38']",0001/01/01
1016,"['03', '19', '24', '32', '34', '38', '37']",0001/01/01
1017,"['02', '12', '21', '27', '30', '32', '08']",0001/01/01
1018,"['08', '23', '28', '32', '36', '38', '02']",0001/01/01
1019,"['06', '13', '26', '36', '37', '40', '29']",0001/01/01
1020,"['15', '28', '29', '31', '35', '37', '26']",0001/01/01
1021,"['01', '04', '22', '24', '27', '29', '39']",0001/01/01
1022,"['10', '11', '17', '19', '24', '40', '14']",0001/01/01
1023,"['03', '09', '15', '27', '31', '36', '18']",0001/01/01
1024,"['01', '05', '06', '09', '13', '40', '19']",0001/01/01
1025,"['07', '11', '17', '26', '33', '42', '21']",0001/01/01
1026,"['16', '24', '28', '31', '35', '40', '27']",0001/01/01
1027,"['08', '11', '13', '17', '38', '40', '03']",0001/01/01
1028,"['12', '19', '22', '23', '28', '32', '10']",0001/01/01
1029,"['07', '08', '17', '22', '32', '35', '21']",0001/01/01
1030,"['15', '16', '17', '24', '31', '40', '01']",0001/01/01
1031,"['24', '26', '33', '39', '40', '42', '21']",0001/01/01
1032,"['02', '10', '22', '24', '27', '38', '37']",0001/01/01
1033,"['15', '18', '24', '26', '29', '31', '36']",0001/01/01
1034,"['07', '12', '25', '28', '34', '35', '36']",0001/01/01
1035,"['12', '23', '25', '32', '34', '37', '06']",0001/01/01
1036,"['07', '16', '21', '30', '38', '42', '35']",0001/01/01
1037,"['09', '13', '24', '29', '30', '33', '04']",0001/01/01
1038,"['08', '16', '20', '36', '38', '42', '25']",0001/01/01
1039,"['02', '03', '06', '08', '15', '27', '22']",0001/01/01
1040,"['02', '11', '13', '14', '20', '21', '04']",0001/01/01
1041,"['06', '07', '10', '36', '38', '40', '18']",0001/01/01
1042,"['03', '04', '18', '28', '29', '37', '25']",0001/01/01
1043,"['09', '17', '18', '28', '34', '39', '16']",0001/01/01
1044,"['07', '15', '20', '25', '34', '36', '37']",0001/01/01
1045,"['08', '09', '26', '35', '37', '42', '23']",0001/01/01
1046,"['01', '07', '19', '24', '27', '28', '18']",0001/01/01
1047,"['04', '05', '18', '23', '39', '40', '11']",0001/01/01
1048,"['14', '17', '28', '31', '33', '39', '37']",0001/01/01
1049,"['06', '10', '21', '27', '28', '42', '05']",0001/01/01
1050,"['01', '07', '09', '11', '36', '38', '41']",0001/01/01
1051,"['06', '07', '09', '20', '21', '30', '27']",0001/01/01
1052,"['04', '23', '31', '32', '39', '42', '14']",0001/01/01
1053,"['03', '07', '09', '25', '27', '32', '16']",0001/01/01
1054,"['02', '11', '13', '21', '31', '34', '17']",0001/01/01
1055,"['03', '05', '18', '28', '35', '37', '31']",0001/01/01
1056,"['02', '04', '07', '09', '13', '23', '21']",0001/01/01
1057,"['02', '05', '11', '12', '27', '41', '24']",0001/01/01
1058,"['03', '04', '19', '27', '29', '35', '20']",0001/01/01
1059,"['18', '19', '20', '31', '37', '38', '11']",0001/01/01
1060,"['05', '06', '10', '18', '34', '39', '33']",0001/01/01
1061,"['01', '04', '16', '20', '23', '28', '06']",0001/01/01
1062,"['04', '10', '12', '15', '23', '24', '16']",0001/01/01
1063,"['04', '13', '24', '28', '37', '42', '35']",0001/01/01
1064,"['14', '16', '29', '32', '33', '34', '10']",0001/01/01
1065,"['19', '20', '22', '25', '27', '29', '06']",0001/01/01
1066,"['04', '08', '19', '23', '33', '38', '27']",0001/01/01
1067,"['01', '08', '18', '25', '27', '34', '30']",0001/01/01
1068,"['01', '07', '11', '27', '39', '42', '02']",0001/01/01
1069,"['03', '12', '19', '21', '35', '40', '29']",0001/01/01
1070,"['13', '18', '19', '22', '32', '42', '05']",0001/01/01
1071,"['07', '13', '23', '31', '32', '34', '19']",0001/01/01
1072,"['02', '28', '35', '36', '41', '42', '07']",0001/01/01
1073,"['02', '19', '23', '31', '39', '41', '21']",0001/01/01
1074,"['05', '16', '18', '20', '22', '30', '14']",0001/01/01
1075,"['07', '09', '11', '12', '41', '42', '05']",0001/01/01
1076,"['08', '25', '28', '29', '32', '41', '13']",0001/01/01
1077,"['13', '22', '27', '35', '36', '38', '12']",0001/01/01
1078,"['06', '16', '18', '23', '31', '37', '17']",0001/01/01
1079,"['07', '11', '20', '34', '36', '37', '29']",0001/01/01
1080,"['02', '04', '14', '21', '27', '29', '32']",0001/01/01
1081,"['06', '10', '11', '16', '21', '35', '26']",0001/01/01
1082,"['01', '05', '14', '22', '24', '33', '20']",0001/01/01
1083,"['03', '13', '24', '26', '35', '38', '08']",0001/01/01
1084,"['05', '10', '18', '26', '37', '39', '42']",0001/01/01
1085,"['18', '21', '28', '29', '31', '42', '08']",0001/01/01
1086,"['09', '14', '15', '16', '22', '32', '27']",0001/01/01
1087,"['06', '10', '11', '15', '21', '41', '01']",0001/01/01
1088,"['13', '16', '26', '27', '28', '34', '39']",0001/01/01
1089,"['07', '08', '09', '28', '34', '35', '18']",0001/01/01
1090,"['07', '13', '26', '33', '34', '42', '29']",0001/01/01
1091,"['07', '09', '13', '15', '23', '42', '22']",0001/01/01
1092,"['06', '09', '21', '30', '32', '39', '13']",0001/01/01
1093,"['11', '20', '21', '25', '34', '40', '32']",0001/01/01
1094,"['03', '04', '08', '12', '34', '38', '05']",0001/01/01
1095,"['03', '04', '09', '13', '24', '34', '31']",0001/01/01
1096,"['14', '15', '24', '31', '36', '39', '35']",0001/01/01
1097,"['13', '18', '19', '35', '39', '40', '41']",0001/01/01
1098,"['08', '14', '18', '19', '24', '37', '32']",0001/01/01
1099,"['02', '08', '16', '17', '27', '31', '32']",0001/01/01
1100,"['02', '12', '16', '17', '25', '36', '24']",0001/01/01
1101,"['10', '14', '17', '21', '30', '35', '26']",0001/01/01
1102,"['22', '23', '33', '34', '40', '41', '04']",0001/01/01
1103,"['10', '13', '15', '20', '23', '33', '27']",0001/01/01
1104,"['12', '17', '20', '25', '27', '30', '07']",0001/01/01
1105,"['12', '23', '31', '32', '33', '35', '03']",0001/01/01
1106,"['04', '11', '19', '20', '21', '34', '07']",0001/01/01
1107,"['03', '07', '26', '29', '30', '41', '23']",0001/01/01
1108,"['17', '19', '20', '21', '28', '31', '25']",0001/01/01
1109,"['18', '19', '29', '31', '33', '42', '03']",0001/01/01
1110,"['01', '21', '24', '28', '30', '42', '41']",0001/01/01
1111,"['07', '08', '10', '16', '31', '33', '03']",0001/01/01
1112,"['04', '06', '16', '22', '34', '42', '13']",0001/01/01
1113,"['08', '14', '20', '26', '27', '31', '13']",0001/01/01
1114,"['06', '07', '12', '32', '38', '42', '13']",0001/01/01
1115,"['01', '08', '13', '15', '16', '24', '28']",0001/01/01
1116,"['07', '09', '15', '19', '30', '37', '23']",0001/01/01
1117,"['11', '15', '17', '20', '23', '39', '22']",0001/01/01
1118,"['04', '08', '10', '12', '29', '33', '35']",0001/01/01
1119,"['12', '22', '23', '27', '35', '37', '14']",0001/01/01
1120,"['03', '07', '18', '23', '30', '40', '34']",0001/01/01
1121,"['02', '05', '08', '09', '13', '26', '23']",0001/01/01
1122,"['03', '05', '11', '14', '34', '38', '28']",0001/01/01
1123,"['04', '09', '11', '16', '29', '40', '06']",0001/01/01
1124,"['10', '11', '23', '25', '31', '36', '26']",0001/01/01
1125,"['04', '09', '18', '20', '22', '40', '10']",0001/01/01
1126,"['02', '07', '22', '24', '28', '30', '17']",0001/01/01
1127,"['18', '21', '25', '28', '41', '42', '14']",0001/01/01
1128,"['15', '21', '36', '37', '40', '42', '19']",0001/01/01
1129,"['01', '09', '24', '25', '27', '39', '19']",0001/01/01
1130,"['13', '18', '19', '25', '34', '36', '12']",0001/01/01
1131,"['01', '10', '18', '21', '32', '41', '38']",0001/01/01
1132,"['15', '18', '23', '25', '26', '36', '38']",0001/01/01
1133,"['01', '08', '12', '29', '33', '35', '03']",0001/01/01
1134,"['07', '12', '21', '22', '32', '41', '20']",0001/01/01
1135,"['11', '12', '16', '18', '32', '36', '23']",0001/01/01
1136,"['09', '14', '34', '35', '38', '39', '05']",0001/01/01
1137,"['08', '11', '20', '21', '31', '37', '28']",0001/01/01
1138,"['06', '11', '12', '16', '34', '41', '21']",0001/01/01
1139,"['01', '19', '26', '35', '38', '39', '09']",0001/01/01
1140,"['01', '04', '05', '21', '30', '37', '34']",0001/01/01
1141,"['05', '16', '21', '31', '33', '39', '26']",0001/01/01
1142,"['05', '10', '19', '30', '37', '40', '25']",0001/01/01
1143,"['03', '13', '23', '26', '30', '37', '38']",0001/01/01
1144,"['04', '09', '11', '26', '31', '36', '10']",0001/01/01
1145,"['16', '17', '21', '23', '29', '42', '15']",0001/01/01
1146,"['06', '09', '13', '19', '27', '37', '02']",0001/01/01
1147,"['08', '10', '14', '18', '20', '23', '22']",0001/01/01
1148,"['15', '18', '24', '33', '34', '40', '11']",0001/01/01
1149,"['10', '15', '24', '32', '33', '37', '26']",0001/01/01
1150,"['06', '09', '32', '38', '39', '42', '18']",0001/01/01
1151,"['06', '09', '22', '30', '32', '39', '18']",0001/01/01
1152,"['07', '13', '17', '21', '25', '36', '20']",0001/01/01
1153,"['05', '10', '15', '19', '31', '39', '36']",0001/01/01
1154,"['05', '09', '10', '14', '19', '42', '13']",0001/01/01
1155,"['01', '12', '13', '30', '32', '42', '08']",0001/01/01
1156,"['06', '07', '18', '25', '28', '31', '26']",0001/01/01
1157,"['02', '09', '13', '22', '23', '34', '25']",0001/01/01
1158,"['02', '06', '15', '16', '18', '31', '33']",0001/01/01
1159,"['07', '08', '17', '19', '26', '29', '13']",0001/01/01
1160,"['09', '16', '23', '24', '37', '39', '05']",0001/01/01
1161,"['11', '12', '15', '26', '28', '33', '14']",0001/01/01
1162,"['07', '12', '21', '22', '32', '33', '09']",0001/01/01
1163,"['03', '05', '06', '12', '13', '19', '35']",0001/01/01
1164,"['11', '13', '18', '20', '28', '40', '17']",0001/01/01
1165,"['12', '14', '16', '29', '32', '38', '07']",0001/01/01
1166,"['11', '22', '29', '31', '32', '41', '04']",0001/01/01
1167,"['01', '12', '15', '16', '22', '37', '18']",0001/01/01
1168,"['03', '05', '16', '20', '29', '42', '27']",0001/01/01
1169,"['02', '16', '26', '28', '29', '41', '11']",0001/01/01
1170,"['16', '18', '20', '21', '23', '24', '31']",0001/01/01
1171,"['01', '05', '19', '30', '31', '40', '08']",0001/01/01
1172,"['11', '14', '20', '25', '27', '34', '09']",0001/01/01
1173,"['18', '26', '29', '32', '38', '39', '21']",0001/01/01
1174,"['11', '17', '19', '20', '24', '26', '28']",0001/01/01
1175,"['19', '21', '31', '33', '34', '42', '12']",0001/01/01
1176,"['07', '27', '28', '29', '36', '40', '19']",0001/01/01
1177,"['12', '24', '29', '30', '37', '40', '34']",0001/01/01
1178,"['03', '06', '10', '12', '40', '42', '08']",0001/01/01
1179,"['01', '07', '10', '11', '12', '39', '41']",0001/01/01
1180,"['01', '09', '17', '32', '37', '39', '27']",0001/01/01
1181,"['02', '21', '31', '38', '40', '41', '04']",0001/01/01
1182,"['03', '05', '06', '07', '28', '38', '32']",0001/01/01
1183,"['01', '08', '16', '23', '31', '38', '32']",0001/01/01
1184,"['02', '04', '06', '29', '32', '40', '05']",0001/01/01
1185,"['08', '09', '16', '29', '32', '40', '17']",0001/01/01
1186,"['06', '11', '13', '22', '23', '34', '40']",0001/01/01
1187,"['09', '18', '19', '20', '21', '42', '34']",0001/01/01
1188,"['03', '19', '24', '33', '34', '37', '04']",0001/01/01
1189,"['12', '27', '28', '35', '39', '40', '17']",0001/01/01
1190,"['06', '27', '32', '34', '35', '39', '02']",0001/01/01
1191,"['13', '26', '28', '32', '38', '41', '16']",0001/01/01
1192,"['02', '04', '09', '24', '25', '38', '12']",0001/01/01
1193,"['03', '09', '14', '24', '30', '39', '28']",0001/01/01
1194,"['11', '12', '26', '32', '33', '38', '13']",1997/07/03
1195,"['01', '08', '15', '16', '22', '29', '37']",1997/07/07
1196,"['02', '22', '26', '31', '38', '44', '39']",1997/07/10
1197,NaN,NaN
1198,"['04', '06', '13', '27', '29', '36', '43']",1997/07/17
1199,"['18', '21', '25', '31', '33', '40', '08']",1997/07/21
1200,"['03', '17', '19', '26', '35', '38', '42']",1997/07/24
1201,"['01', '07', '26', '30', '33', '39', '35']",1997/07/28
1202,"['04', '14', '19', '26', '32', '34', '42']",1997/07/31
1203,"['04', '06', '14', '16', '38', '41', '17']",1997/08/04
1204,"['05', '10', '16', '25', '26', '42', '27']",1997/08/07
1205,"['15', '25', '30', '35', '36', '41', '45']",1997/08/11
1206,"['24', '26', '32', '34', '41', '44', '09']",1997/08/14
1207,"['06', '13', '14', '18', '31', '43', '26']",1997/08/18
1208,"['10', '12', '15', '31', '35', '45', '41']",1997/08/21
1209,"['15', '17', '25', '29', '30', '32', '34']",1997/08/25
1210,"['12', '20', '22', '24', '25', '35', '21']",1997/08/28
1211,"['01', '14', '16', '26', '42', '44', '25']",1997/09/01
1212,"['09', '12', '14', '22', '24', '38', '18']",1997/09/04
1213,"['09', '19', '31', '33', '40', '41', '08']",1997/09/08
1214,"['03', '09', '15', '18', '22', '30', '28']",1997/09/11
1215,"['19', '23', '24', '32', '43', '45', '15']",1997/09/15
1216,"['02', '12', '19', '24', '25', '28', '11']",1997/09/18
1217,"['09', '24', '28', '32', '40', '41', '15']",1997/09/22
1218,"['03', '07', '15', '22', '32', '33', '16']",1997/09/25
1219,"['07', '10', '27', '31', '36', '42', '14']",1997/09/29
1220,NaN,NaN
1221,"['09', '13', '19', '29', '37', '43', '04']",1997/10/06
1222,"['09', '18', '33', '37', '41', '43', '28']",1997/10/09
1223,"['01', '06', '20', '26', '31', '40', '14']",1997/10/13
1224,"['02', '11', '19', '21', '27', '41', '24']",1997/10/16
1225,"['03', '11', '14', '23', '27', '41', '07']",1997/10/20
1226,"['02', '17', '18', '34', '38', '44', '23']",1997/10/23
1227,"['02', '12', '22', '26', '31', '38', '01']",1997/10/27
1228,"['06', '15', '27', '33', '38', '39', '42']",1997/10/30
1229,"['03', '16', '29', '36', '42', '44', '40']",1997/11/03
1230,"['06', '11', '18', '43', '44', '45', '26']",1997/11/06
1231,"['17', '18', '24', '25', '26', '33', '14']",1997/11/10
1232,NaN,NaN
1233,"['02', '09', '10', '12', '19', '45', '11']",1997/11/17
1234,"['02', '07', '14', '26', '28', '40', '35']",1997/11/20
1235,"['14', '16', '18', '24', '26', '39', '33']",1997/11/24
1236,"['02', '18', '25', '33', '34', '35', '15']",1997/11/27
1237,"['03', '04', '16', '29', '30', '37', '19']",1997/12/01
1238,"['09', '25', '27', '31', '41', '42', '07']",1997/12/04
1239,"['05', '08', '12', '16', '28', '38', '36']",1997/12/08
1240,"['12', '14', '24', '31', '32', '39', '36']",1997/12/11
1241,"['02', '06', '20', '24', '26', '28', '38']",1997/12/15
1242,"['04', '07', '22', '27', '41', '43', '38']",1997/12/18
1243,"['03', '18', '21', '25', '26', '34', '30']",1997/12/22
1244,"['20', '25', '32', '33', '35', '42', '07']",1997/12/25
1245,"['09', '11', '12', '14', '27', '31', '17']",1997/12/29
1246,"['08', '25', '27', '32', '37', '41', '29']",1998/01/01
1247,"['04', '08', '10', '17', '23', '43', '22']",1998/01/05
1248,"['05', '06', '07', '26', '30', '35', '10']",1998/01/08
1249,"['08', '09', '17', '20', '32', '44', '35']",1998/01/12
1250,"['09', '22', '25', '30', '37', '45', '06']",1998/01/15
1251,"['01', '05', '11', '18', '24', '30', '04']",1998/01/19
1252,"['05', '19', '25', '33', '36', '41', '15']",1998/01/22
1253,"['06', '11', '23', '30', '40', '45', '39']",1998/01/26
1254,"['10', '20', '25', '36', '39', '45', '29']",1998/02/02
1255,"['05', '07', '10', '25', '26', '39', '28']",1998/02/05
1256,"['08', '13', '15', '26', '32', '34', '12']",1998/02/09
1257,"['15', '17', '20', '22', '23', '25', '32']",1998/02/12
1258,"['08', '23', '24', '32', '33', '35', '11']",1998/02/16
1259,"['08', '11', '20', '24', '27', '44', '32']",1998/02/19
1260,"['03', '12', '31', '34', '41', '43', '21']",1998/02/23
1261,"['23', '28', '31', '35', '37', '39', '36']",1998/02/26
1262,"['12', '20', '21', '36', '41', '42', '02']",1998/03/02
1263,"['17', '19', '23', '25', '37', '44', '10']",1998/03/05
1264,"['02', '08', '16', '29', '35', '40', '23']",1998/03/09
1265,"['04', '05', '10', '28', '37', '43', '15']",1998/03/12
1266,NaN,NaN
1267,"['02', '07', '08', '11', '18', '30', '26']",1998/03/19
1268,"['02', '04', '15', '18', '20', '43', '42']",1998/03/23
1269,"['02', '05', '06', '20', '26', '37', '22']",1998/03/26
1270,"['01', '07', '15', '16', '28', '36', '26']",1998/03/30
1271,"['15', '23', '26', '31', '41', '45', '21']",1998/04/02
1272,"['03', '10', '11', '15', '33', '39', '12']",1998/04/06
1273,"['09', '16', '24', '25', '29', '39', '32']",1998/04/09
1274,"['01', '07', '17', '30', '33', '34', '16']",1998/04/13
1275,"['12', '13', '18', '23', '33', '43', '19']",1998/04/16
1276,"['01', '04', '08', '11', '35', '43', '03']",1998/04/20
1277,"['11', '15', '27', '32', '36', '38', '26']",1998/04/23
1278,"['12', '16', '17', '18', '20', '44', '33']",1998/04/27
1279,"['01', '08', '09', '12', '42', '44', '31']",1998/04/30
1280,"['01', '04', '06', '30', '31', '33', '24']",1998/05/04
1281,NaN,NaN
1282,"['18', '22', '23', '35', '42', '43', '33']",1998/05/11
1283,"['06', '07', '08', '20', '24', '44', '25']",1998/05/14
1284,"['08', '21', '28', '34', '38', '45', '09']",1998/05/18
1285,"['02', '07', '08', '10', '35', '43', '11']",1998/05/21
1286,"['09', '12', '17', '23', '29', '35', '26']",1998/05/25
1287,"['10', '15', '20', '26', '29', '40', '37']",1998/05/28
1288,"['02', '09', '12', '27', '41', '44', '28']",1998/06/01
1289,"['09', '26', '30', '34', '43', '44', '40']",1998/06/04
1290,"['12', '15', '29', '34', '41', '44', '16']",1998/06/08
1291,"['01', '05', '19', '25', '35', '38', '42']",1998/06/11
1292,"['12', '14', '15', '18', '36', '39', '08']",1998/06/15
1293,"['04', '05', '08', '21', '43', '45', '27']",1998/06/18
1294,"['09', '12', '15', '30', '32', '41', '34']",1998/06/22
1295,"['07', '10', '12', '13', '20', '41', '43']",1998/06/25
1296,"['05', '09', '12', '15', '16', '17', '02']",1998/06/29
1297,"['13', '22', '25', '27', '36', '43', '19']",1998/07/02
1298,"['02', '08', '10', '11', '19', '34', '38']",1998/07/06
1299,"['12', '13', '17', '29', '35', '43', '09']",1998/07/09
1300,"['13', '15', '23', '27', '37', '38', '34']",1998/07/13
1301,"['01', '20', '21', '24', '30', '40', '06']",1998/07/16
1302,"['09', '13', '17', '31', '37', '38', '44']",1998/07/20
1303,"['01', '08', '11', '14', '22', '24', '12']",1998/07/23
1304,"['04', '12', '18', '22', '30', '42', '03']",1998/07/27
1305,"['01', '12', '21', '25', '28', '38', '10']",1998/07/30
1306,"['05', '12', '27', '36', '38', '42', '34']",1998/08/03
1307,"['15', '18', '27', '32', '35', '41', '25']",1998/08/06
1308,"['14', '26', '28', '30', '40', '43', '23']",1998/08/10
1309,"['04', '19', '25', '33', '36', '41', '26']",1998/08/13
1310,"['13', '14', '15', '19', '25', '33', '18']",1998/08/17
1311,"['02', '11', '19', '22', '28', '31', '23']",1998/08/20
1312,"['07', '15', '17', '18', '22', '43', '03']",1998/08/24
1313,"['17', '25', '29', '34', '37', '45', '19']",1998/08/27
1314,"['03', '08', '09', '11', '30', '40', '29']",1998/08/31
1315,"['07', '09', '15', '30', '32', '34', '45']",1998/09/03
1316,"['02', '15', '18', '31', '37', '39', '19']",1998/09/07
1317,"['07', '14', '29', '30', '39', '42', '11']",1998/09/10
1318,"['06', '18', '21', '25', '28', '41', '19']",1998/09/14
1319,"['07', '12', '16', '23', '26', '40', '41']",1998/09/17
1320,"['08', '11', '23', '27', '40', '41', '44']",1998/09/21
1321,"['02', '13', '35', '37', '38', '43', '31']",1998/09/24
1322,"['12', '17', '21', '28', '29', '39', '24']",1998/09/28
1323,"['03', '06', '15', '23', '25', '29', '43']",1998/10/01
1324,"['07', '14', '18', '22', '27', '28', '29']",1998/10/05
1325,"['03', '18', '23', '26', '38', '39', '06']",1998/10/08
1326,"['19', '27', '30', '33', '41', '42', '35']",1998/10/12
1327,"['01', '04', '10', '13', '17', '42', '44']",1998/10/15
1328,"['07', '10', '24', '26', '38', '39', '37']",1998/10/19
1329,"['06', '11', '22', '30', '39', '40', '33']",1998/10/22
1330,"['02', '03', '17', '21', '29', '45', '26']",1998/10/26
1331,"['01', '06', '10', '33', '35', '44', '21']",1998/10/29
1332,"['03', '23', '28', '31', '36', '41', '14']",1998/11/02
1333,"['04', '11', '13', '14', '27', '28', '39']",1998/11/05
1334,"['18', '31', '33', '35', '41', '42', '28']",1998/11/09
1335,"['01', '02', '22', '25', '28', '39', '04']",1998/11/12
1336,"['09', '18', '22', '32', '34', '39', '15']",1998/11/16
1337,"['01', '02', '07', '28', '35', '37', '40']",1998/11/19
1338,"['07', '23', '34', '36', '42', '43', '37']",1998/11/23
1339,"['10', '21', '24', '25', '36', '42', '41']",1998/11/26
1340,"['06', '11', '22', '28', '33', '34', '43']",1998/11/30
1341,"['02', '04', '05', '18', '30', '44', '43']",1998/12/03
1342,"['08', '18', '23', '24', '37', '39', '41']",1998/12/07
1343,"['01', '05', '10', '18', '30', '31', '23']",1998/12/10
1344,"['12', '17', '20', '21', '41', '44', '25']",1998/12/14
1345,"['08', '14', '16', '19', '20', '29', '23']",1998/12/17
1346,"['02', '10', '13', '22', '37', '39', '24']",1998/12/21
1347,"['05', '11', '13', '21', '22', '34', '37']",1998/12/24
1348,"['03', '04', '07', '10', '35', '36', '01']",1998/12/28
1349,"['05', '08', '17', '21', '36', '37', '01']",1998/12/31
1350,"['01', '05', '11', '36', '38', '41', '23']",1999/01/04
1351,"['03', '08', '12', '15', '31', '38', '29']",1999/01/07
1352,"['15', '16', '17', '18', '24', '37', '35']",1999/01/11
1353,"['06', '15', '22', '27', '34', '36', '31']",1999/01/14
1354,"['13', '16', '20', '35', '37', '42', '23']",1999/01/18
1355,"['11', '12', '21', '32', '34', '35', '40']",1999/01/21
1356,"['10', '12', '19', '20', '32', '41', '31']",1999/01/25
1357,"['04', '13', '29', '30', '31', '39', '40']",1999/01/28
1358,"['15', '20', '21', '22', '32', '41', '09']",1999/02/01
1359,"['04', '11', '16', '20', '39', '43', '21']",1999/02/04
1360,"['07', '12', '13', '16', '29', '34', '02']",1999/02/08
1361,"['03', '04', '07', '30', '39', '42', '05']",1999/02/11
1362,"['05', '06', '12', '17', '22', '29', '34']",1999/02/15
1363,"['07', '14', '15', '17', '32', '41', '23']",1999/02/18
1364,"['02', '08', '11', '28', '32', '42', '06']",1999/02/22
1365,"['10', '12', '21', '26', '31', '38', '40']",1999/02/25
1366,"['01', '03', '04', '09', '12', '22', '24']",1999/03/01
1367,"['06', '07', '11', '21', '35', '36', '34']",1999/03/04
1368,"['01', '03', '15', '22', '35', '45', '13']",1999/03/08
1369,"['13', '14', '29', '31', '33', '39', '38']",1999/03/11
1370,"['05', '14', '21', '26', '38', '45', '13']",1999/03/15
1371,"['11', '22', '27', '28', '32', '43', '35']",1999/03/18
1372,"['07', '26', '31', '33', '35', '37', '42']",1999/03/22
1373,"['10', '11', '13', '33', '37', '45', '38']",1999/03/25
1374,"['24', '28', '34', '35', '40', '41', '04']",1999/03/29
1375,"['05', '17', '26', '30', '32', '36', '15']",1999/04/01
1376,"['03', '13', '14', '27', '30', '35', '15']",1999/04/05
1377,"['03', '05', '06', '12', '14', '41', '36']",1999/04/08
1378,"['01', '02', '08', '17', '20', '22', '25']",1999/04/12
1379,"['02', '17', '32', '34', '40', '44', '18']",1999/04/15
1380,"['01', '07', '08', '10', '12', '40', '17']",1999/04/19
1381,"['12', '19', '20', '30', '36', '41', '26']",1999/04/22
1382,"['12', '18', '22', '24', '28', '37', '41']",1999/04/26
1383,"['04', '06', '17', '21', '23', '45', '10']",1999/04/29
1384,"['01', '04', '27', '32', '35', '38', '03']",1999/05/03
1385,"['01', '14', '25', '32', '33', '34', '44']",1999/05/06
1386,"['09', '21', '29', '30', '31', '43', '15']",1999/05/10
1387,"['09', '12', '17', '21', '40', '45', '44']",1999/05/13
1388,"['02', '10', '14', '25', '31', '37', '33']",1999/05/17
1389,"['06', '09', '12', '16', '21', '23', '32']",1999/05/20
1390,"['07', '16', '24', '25', '27', '31', '45']",1999/05/24
1391,"['13', '14', '18', '31', '35', '41', '21']",1999/05/27
1392,"['03', '05', '14', '20', '25', '43', '41']",1999/05/31
1393,"['01', '08', '09', '11', '24', '36', '16']",1999/06/03
1394,"['04', '07', '08', '21', '30', '38', '15']",1999/06/07
1395,"['02', '06', '12', '38', '41', '43', '37']",1999/06/10
1396,"['05', '07', '14', '38', '39', '42', '10']",1999/06/14
1397,"['01', '10', '17', '20', '21', '45', '06']",1999/06/17
1398,"['09', '19', '28', '29', '30', '39', '24']",1999/06/21
1399,"['07', '15', '20', '28', '29', '33', '14']",1999/06/24
1400,"['11', '13', '16', '23', '30', '44', '29']",1999/06/28
1401,"['05', '10', '22', '23', '31', '42', '15']",1999/07/01
1402,"['05', '11', '13', '21', '37', '40', '06']",1999/07/05
1403,"['04', '09', '21', '23', '40', '43', '20']",1999/07/08
1404,"['05', '08', '31', '32', '40', '43', '17']",1999/07/12
1405,"['03', '08', '18', '24', '33', '45', '23']",1999/07/15
1406,"['03', '13', '34', '37', '42', '45', '14']",1999/07/19
1407,"['02', '04', '11', '19', '23', '36', '28']",1999/07/22
1408,"['09', '16', '22', '25', '29', '40', '19']",1999/07/26
1409,"['01', '11', '18', '20', '43', '45', '32']",1999/07/29
1410,"['05', '20', '30', '36', '38', '40', '04']",1999/08/02
1411,"['01', '03', '35', '36', '39', '44', '17']",1999/08/05
1412,"['03', '09', '12', '23', '24', '39', '44']",1999/08/09
1413,"['05', '11', '13', '34', '35', '45', '19']",1999/08/12
1414,"['07', '14', '23', '26', '29', '30', '04']",1999/08/16
1415,"['10', '18', '19', '21', '26', '39', '09']",1999/08/19
1416,"['04', '11', '12', '22', '23', '44', '15']",1999/08/23
1417,"['19', '25', '35', '39', '42', '44', '36']",1999/08/26
1418,"['16', '18', '20', '23', '25', '44', '01']",1999/08/30
1419,"['16', '17', '29', '30', '31', '38', '43']",1999/09/02
1420,"['03', '10', '13', '17', '29', '33', '44']",1999/09/06
1421,"['05', '26', '27', '30', '31', '43', '11']",1999/09/09
1422,"['02', '06', '09', '35', '38', '40', '28']",1999/09/13
1423,"['05', '06', '15', '39', '40', '43', '20']",1999/09/16
1424,"['07', '15', '19', '40', '42', '44', '01']",1999/09/20
1425,"['24', '26', '28', '36', '38', '40', '09']",1999/09/23
1426,"['07', '12', '14', '20', '33', '36', '39']",1999/09/27
1427,"['03', '10', '19', '24', '35', '40', '07']",1999/09/30
1428,"['07', '09', '11', '13', '33', '42', '22']",1999/10/04
1429,"['05', '08', '21', '30', '31', '44', '16']",1999/10/07
1430,"['06', '17', '26', '31', '36', '42', '23']",1999/10/11
1431,"['04', '11', '19', '27', '31', '41', '20']",1999/10/14
1432,"['05', '34', '36', '39', '42', '43', '24']",1999/10/18
1433,"['08', '16', '23', '30', '39', '44', '25']",1999/10/21
1434,"['04', '14', '16', '17', '24', '40', '36']",1999/10/25
1435,"['05', '11', '18', '19', '36', '42', '25']",1999/10/28
1436,"['13', '18', '20', '24', '39', '45', '09']",1999/11/01
1437,"['06', '16', '27', '33', '40', '41', '31']",1999/11/04
1438,"['10', '13', '27', '33', '34', '38', '43']",1999/11/08
1439,"['07', '11', '20', '22', '32', '44', '39']",1999/11/11
1440,"['02', '07', '15', '22', '26', '32', '28']",1999/11/15
1441,"['04', '19', '30', '37', '39', '45', '34']",1999/11/18
1442,"['02', '05', '08', '24', '27', '31', '21']",1999/11/22
1443,"['01', '19', '24', '32', '36', '45', '21']",1999/11/25
1444,"['06', '11', '13', '33', '40', '42', '01']",1999/11/29
1445,"['01', '09', '15', '26', '34', '36', '37']",1999/12/02
1446,"['05', '06', '19', '21', '22', '28', '18']",1999/12/06
1447,"['02', '08', '16', '36', '42', '43', '29']",1999/12/09
1448,"['06', '17', '23', '29', '33', '36', '20']",1999/12/13
1449,"['01', '03', '23', '31', '33', '40', '02']",1999/12/16
1450,"['02', '05', '16', '26', '34', '35', '18']",1999/12/20
1451,"['16', '19', '21', '24', '27', '29', '20']",1999/12/23
1452,"['07', '09', '11', '15', '21', '29', '27']",1999/12/27
1453,"['06', '11', '17', '20', '24', '41', '28']",1999/12/30
1454,"['06', '07', '17', '18', '20', '45', '41']",2000/01/03
1455,"['02', '28', '31', '35', '40', '44', '22']",2000/01/06
1456,"['02', '23', '26', '30', '32', '34', '40']",2000/01/10
1457,"['13', '28', '34', '35', '38', '40', '08']",2000/01/13
1458,"['17', '23', '25', '35', '38', '42', '12']",2000/01/17
1459,"['07', '11', '14', '30', '39', '45', '25']",2000/01/20
1460,"['07', '16', '25', '36', '37', '43', '42']",2000/01/24
1461,"['02', '03', '05', '14', '27', '32', '18']",2000/01/27
1462,"['11', '18', '22', '25', '35', '44', '07']",2000/01/31
1463,"['05', '06', '15', '23', '32', '40', '30']",2000/02/03
1464,"['10', '13', '23', '24', '30', '43', '07']",2000/02/07
1465,"['08', '10', '17', '30', '33', '41', '38']",2000/02/10
1466,"['02', '12', '13', '34', '37', '43', '38']",2000/02/14
1467,"['05', '10', '13', '22', '24', '27', '14']",2000/02/17
1468,"['04', '07', '09', '11', '14', '16', '42']",2000/02/21
1469,"['20', '21', '23', '26', '30', '40', '38']",2000/02/24
1470,"['01', '09', '23', '26', '30', '35', '25']",2000/02/28
1471,"['04', '07', '18', '19', '24', '25', '26']",2000/03/02
1472,"['14', '21', '22', '24', '33', '44', '28']",2000/03/06
1473,"['02', '04', '11', '16', '28', '42', '07']",2000/03/09
1474,"['07', '13', '31', '32', '34', '36', '42']",2000/03/13
1475,"['02', '06', '16', '22', '37', '38', '31']",2000/03/16
1476,"['03', '14', '20', '26', '29', '37', '17']",2000/03/20
1477,"['12', '16', '31', '36', '37', '41', '21']",2000/03/23
1478,"['01', '04', '16', '28', '32', '34', '42']",2000/03/27
1479,"['03', '17', '29', '33', '42', '45', '16']",2000/03/30
1480,"['06', '11', '20', '35', '36', '42', '29']",2000/04/03
1481,"['02', '03', '05', '23', '31', '41', '36']",2000/04/06
1482,"['05', '11', '15', '17', '20', '33', '42']",2000/04/10
1483,"['06', '10', '17', '35', '42', '43', '28']",2000/04/13
1484,"['10', '11', '19', '20', '23', '42', '27']",2000/04/17
1485,"['08', '15', '16', '42', '44', '45', '37']",2000/04/20
1486,"['07', '14', '16', '23', '32', '35', '13']",2000/04/24
1487,"['23', '28', '31', '37', '41', '45', '19']",2000/04/27
1488,"['01', '03', '04', '32', '36', '43', '33']",2000/05/01
1489,"['10', '11', '14', '21', '39', '41', '28']",2000/05/04
1490,"['11', '17', '32', '34', '35', '44', '30']",2000/05/08
1491,"['30', '34', '37', '41', '42', '44', '01']",2000/05/11
1492,"['04', '10', '16', '20', '21', '35', '37']",2000/05/15
1493,"['05', '06', '08', '12', '25', '38', '40']",2000/05/18
1494,"['05', '26', '36', '38', '39', '45', '07']",2000/05/22
1495,"['06', '10', '32', '34', '35', '45', '39']",2000/05/25
1496,"['03', '13', '16', '24', '29', '44', '34']",2000/05/29
1497,"['07', '10', '13', '26', '35', '43', '23']",2000/06/01
1498,"['08', '13', '14', '22', '30', '34', '23']",2000/06/05
1499,"['09', '13', '18', '19', '30', '32', '06']",2000/06/08
1500,"['05', '06', '09', '26', '28', '36', '01']",2000/06/12
1501,"['06', '16', '25', '27', '30', '31', '43']",2000/06/15
1502,"['01', '02', '09', '19', '20', '32', '06']",2000/06/19
1503,"['05', '11', '18', '34', '36', '41', '33']",2000/06/22
1504,"['01', '03', '15', '36', '39', '41', '34']",2000/06/26
1505,"['09', '14', '27', '31', '34', '37', '08']",2000/06/29
1506,"['01', '08', '14', '20', '33', '41', '26']",2000/07/03
1507,"['16', '18', '21', '23', '30', '42', '20']",2000/07/06
1508,"['03', '09', '16', '19', '21', '23', '01']",2000/07/10
1509,"['28', '29', '35', '38', '41', '44', '07']",2000/07/13
1510,"['07', '10', '25', '34', '37', '44', '23']",2000/07/17
1511,"['11', '12', '17', '24', '32', '41', '45']",2000/07/20
1512,"['16', '23', '29', '32', '36', '40', '05']",2000/07/24
1513,"['03', '08', '12', '16', '30', '44', '09']",2000/07/27
1514,"['02', '11', '12', '15', '38', '43', '22']",2000/07/31
1515,"['08', '10', '23', '24', '33', '44', '01']",2000/08/03
1516,"['05', '12', '20', '22', '25', '27', '04']",2000/08/07
1517,"['20', '24', '27', '32', '37', '38', '21']",2000/08/10
1518,"['04', '14', '20', '21', '27', '40', '07']",2000/08/14
1519,"['02', '05', '17', '21', '32', '42', '11']",2000/08/17
1520,"['03', '06', '19', '22', '23', '25', '13']",2000/08/21
1521,"['03', '05', '07', '08', '36', '42', '10']",2000/08/24
1522,"['01', '10', '11', '18', '22', '42', '33']",2000/08/28
1523,"['02', '06', '11', '22', '31', '37', '04']",2000/08/31
1524,"['02', '16', '27', '32', '37', '45', '08']",2000/09/04
1525,"['06', '11', '12', '20', '24', '31', '18']",2000/09/07
1526,"['03', '04', '13', '25', '44', '45', '17']",2000/09/11
1527,"['01', '02', '04', '26', '37', '39', '41']",2000/09/14
1528,"['19', '21', '27', '33', '37', '40', '03']",2000/09/18
1529,"['03', '12', '21', '25', '30', '42', '37']",2000/09/21
1530,"['04', '09', '17', '21', '23', '32', '18']",2000/09/25
1531,"['08', '19', '22', '40', '41', '45', '16']",2000/09/28
1532,"['13', '17', '24', '28', '29', '45', '33']",2000/10/02
1533,"['05', '19', '21', '22', '24', '40', '35']",2000/10/05
1534,"['10', '14', '27', '30', '37', '38', '41']",2000/10/09
1535,"['01', '06', '17', '24', '25', '28', '34']",2000/10/12
1536,"['27', '28', '31', '32', '35', '36', '07']",2000/10/16
1537,"['06', '10', '11', '25', '31', '32', '04']",2000/10/19
1538,"['02', '15', '17', '21', '26', '36', '32']",2000/10/23
1539,"['01', '12', '18', '22', '40', '43', '19']",2000/10/26
1540,"['03', '06', '17', '20', '21', '37', '11']",2000/10/30
1541,"['31', '32', '35', '36', '42', '43', '24']",2000/11/02
1542,"['06', '12', '26', '32', '38', '45', '36']",2000/11/06
1543,"['02', '03', '15', '27', '31', '32', '39']",2000/11/09
1544,"['09', '13', '15', '29', '40', '42', '03']",2000/11/13
1545,"['06', '07', '08', '11', '13', '19', '33']",2000/11/16
1546,"['09', '10', '14', '19', '21', '35', '24']",2000/11/20
1547,"['03', '13', '19', '23', '29', '34', '11']",2000/11/23
1548,"['01', '12', '23', '25', '35', '36', '39']",2000/11/27
1549,"['17', '28', '29', '35', '40', '42', '15']",2000/11/30
1550,"['04', '19', '35', '41', '44', '45', '09']",2000/12/04
1551,"['10', '30', '38', '40', '42', '45', '18']",2000/12/07
1552,"['08', '17', '23', '32', '38', '39', '11']",2000/12/11
1553,"['04', '19', '27', '28', '32', '38', '21']",2000/12/14
1554,"['13', '16', '27', '28', '36', '37', '05']",2000/12/18
1555,"['01', '15', '18', '20', '25', '29', '04']",2000/12/21
1556,"['09', '20', '33', '36', '37', '42', '08']",2000/12/25
1557,"['07', '28', '30', '31', '44', '45', '42']",2000/12/28
1558,"['12', '18', '25', '31', '35', '37', '23']",2001/01/01
1559,"['08', '16', '19', '21', '28', '42', '01']",2001/01/04
1560,"['01', '09', '22', '23', '32', '33', '11']",2001/01/08
1561,"['14', '17', '20', '35', '36', '41', '13']",2001/01/11
1562,"['11', '12', '29', '35', '40', '45', '19']",2001/01/15
1563,"['08', '16', '18', '31', '34', '43', '33']",2001/01/18
1564,"['10', '12', '20', '29', '34', '39', '42']",2001/01/22
1565,"['03', '07', '09', '12', '13', '19', '43']",2001/01/25
1566,"['03', '15', '16', '36', '37', '43', '20']",2001/01/29
1567,"['01', '15', '20', '32', '34', '38', '02']",2001/02/01
1568,"['06', '07', '11', '18', '21', '28', '16']",2001/02/05
1569,"['04', '18', '34', '40', '43', '44', '24']",2001/02/08
1570,"['02', '05', '11', '13', '24', '39', '03']",2001/02/12
1571,"['11', '18', '31', '34', '37', '40', '23']",2001/02/15
1572,"['04', '07', '12', '22', '32', '43', '19']",2001/02/19
1573,"['08', '22', '25', '33', '36', '37', '28']",2001/02/22
1574,"['17', '19', '20', '26', '27', '38', '42']",2001/02/26
1575,"['03', '06', '11', '18', '21', '36', '33']",2001/03/01
1576,"['02', '08', '09', '17', '22', '26', '36']",2001/03/05
1577,"['05', '12', '14', '37', '39', '45', '08']",2001/03/08
1578,"['01', '18', '24', '29', '30', '31', '22']",2001/03/12
1579,"['01', '15', '19', '27', '33', '45', '20']",2001/03/15
1580,"['05', '11', '13', '24', '38', '41', '10']",2001/03/19
1581,"['24', '25', '27', '33', '38', '39', '36']",2001/03/22
1582,"['01', '10', '14', '15', '29', '31', '22']",2001/03/26
1583,"['02', '06', '37', '38', '39', '45', '22']",2001/03/29
1584,"['05', '19', '31', '38', '41', '42', '08']",2001/04/02
1585,"['08', '10', '23', '24', '31', '45', '01']",2001/04/05
1586,"['13', '16', '24', '25', '27', '35', '06']",2001/04/09
1587,"['08', '10', '22', '32', '36', '43', '05']",2001/04/12
1588,"['02', '14', '33', '37', '43', '44', '30']",2001/04/16
1589,"['08', '15', '29', '30', '32', '37', '02']",2001/04/19
1590,"['10', '11', '31', '36', '41', '44', '09']",2001/04/23
1591,"['02', '10', '18', '28', '36', '43', '38']",2001/04/26
1592,"['05', '09', '18', '21', '34', '38', '39']",2001/04/30
1593,"['04', '09', '14', '23', '27', '36', '28']",2001/05/03
1594,"['01', '12', '19', '30', '31', '43', '39']",2001/05/07
1595,"['01', '08', '11', '21', '27', '33', '31']",2001/05/10
1596,"['10', '17', '21', '37', '39', '45', '34']",2001/05/14
1597,"['06', '15', '22', '23', '25', '45', '31']",2001/05/17
1598,"['08', '28', '34', '36', '41', '42', '14']",2001/05/21
1599,"['02', '13', '15', '24', '32', '38', '40']",2001/05/24
1600,"['19', '24', '27', '31', '33', '41', '11']",2001/05/28
1601,"['03', '15', '16', '30', '34', '45', '43']",2001/05/31
1602,"['05', '14', '16', '24', '38', '44', '06']",2001/06/04
1603,"['01', '10', '13', '32', '37', '45', '17']",2001/06/07
1604,"['01', '10', '19', '23', '29', '45', '34']",2001/06/11
1605,"['01', '10', '14', '19', '23', '34', '33']",2001/06/14
1606,"['04', '05', '06', '12', '17', '43', '14']",2001/06/18
1607,"['02', '06', '18', '27', '37', '41', '44']",2001/06/21
1608,"['08', '20', '22', '32', '40', '43', '39']",2001/06/25
1609,"['04', '12', '17', '31', '43', '44', '32']",2001/06/28
1610,"['04', '05', '19', '20', '39', '44', '03']",2001/07/02
1611,"['08', '17', '20', '25', '42', '44', '39']",2001/07/05
1612,"['05', '13', '23', '27', '28', '29', '15']",2001/07/09
1613,"['12', '16', '20', '24', '29', '36', '10']",2001/07/12
1614,"['08', '15', '30', '32', '41', '44', '02']",2001/07/16
1615,"['15', '18', '24', '29', '33', '44', '02']",2001/07/19
1616,"['06', '08', '17', '26', '34', '39', '28']",2001/07/23
1617,"['01', '07', '16', '39', '42', '44', '30']",2001/07/26
1618,"['16', '18', '19', '21', '27', '38', '37']",2001/07/30
1619,"['17', '29', '30', '34', '35', '45', '26']",2001/08/02
1620,"['05', '12', '26', '31', '34', '38', '30']",2001/08/06
1621,"['03', '07', '15', '16', '20', '37', '06']",2001/08/09
1622,"['09', '22', '24', '25', '37', '39', '02']",2001/08/13
1623,"['09', '22', '27', '30', '32', '36', '21']",2001/08/16
1624,"['01', '02', '09', '11', '23', '44', '40']",2001/08/20
1625,"['02', '15', '21', '31', '32', '37', '18']",2001/08/23
1626,"['10', '25', '32', '37', '40', '45', '33']",2001/08/27
1627,"['07', '13', '15', '18', '25', '32', '16']",2001/08/30
1628,"['11', '13', '21', '33', '35', '36', '04']",2001/09/03
1629,"['09', '19', '24', '30', '40', '41', '28']",2001/09/06
1630,"['01', '03', '08', '10', '33', '39', '27']",2001/09/10
1631,"['01', '12', '23', '30', '34', '36', '16']",2001/09/13
1632,"['03', '21', '30', '33', '41', '42', '08']",2001/09/17
1633,"['02', '13', '18', '19', '34', '39', '41']",2001/09/20
1634,"['05', '08', '09', '21', '32', '40', '26']",2001/09/24
1635,"['11', '23', '27', '30', '37', '40', '17']",2001/09/27
1636,"['03', '08', '12', '20', '25', '27', '33']",2001/10/01
1637,"['01', '03', '07', '13', '23', '25', '28']",2001/10/04
1638,"['05', '11', '14', '25', '33', '38', '45']",2001/10/08
1639,"['03', '06', '21', '25', '30', '39', '23']",2001/10/11
1640,"['06', '08', '11', '16', '17', '31', '36']",2001/10/15
1641,"['10', '12', '14', '18', '28', '33', '24']",2001/10/18
1642,"['09', '28', '29', '35', '40', '43', '05']",2001/10/22
1643,"['05', '10', '22', '39', '42', '44', '26']",2001/10/25
1644,"['02', '19', '34', '37', '39', '44', '18']",2001/10/29
1645,"['03', '12', '21', '22', '23', '28', '25']",2001/11/01
1646,"['07', '21', '22', '23', '24', '44', '01']",2001/11/05
1647,"['18', '24', '35', '38', '41', '44', '32']",2001/11/08
1648,"['19', '23', '39', '40', '42', '43', '35']",2001/11/12
1649,"['19', '22', '28', '37', '40', '43', '13']",2001/11/15
1650,"['07', '14', '24', '30', '31', '32', '23']",2001/11/19
1651,"['03', '05', '07', '09', '13', '45', '29']",2001/11/22
1652,"['06', '12', '20', '21', '27', '45', '32']",2001/11/26
1653,"['01', '10', '16', '18', '27', '38', '33']",2001/11/29
1654,"['20', '36', '39', '42', '43', '44', '30']",2001/12/03
1655,"['02', '11', '25', '28', '36', '43', '06']",2001/12/06
1656,"['01', '05', '09', '11', '28', '42', '21']",2001/12/10
1657,"['02', '04', '09', '32', '33', '42', '01']",2001/12/13
1658,"['07', '14', '32', '35', '36', '37', '33']",2001/12/17
1659,"['07', '10', '27', '38', '41', '44', '33']",2001/12/20
1660,"['02', '14', '20', '28', '38', '40', '35']",2001/12/24
1661,"['01', '05', '09', '11', '13', '19', '04']",2001/12/27
1662,"['03', '07', '20', '22', '33', '40', '45']",2001/12/31
1663,"['03', '07', '24', '33', '40', '41', '30']",2002/01/03
1664,"['02', '22', '32', '39', '41', '45', '05']",2002/01/07
1665,"['08', '25', '29', '30', '33', '40', '27']",2002/01/10
1666,"['10', '28', '35', '39', '40', '43', '21']",2002/01/14
1667,"['06', '10', '22', '31', '37', '42', '23']",2002/01/17
1668,"['09', '15', '18', '30', '34', '43', '05']",2002/01/21
1669,"['06', '08', '13', '31', '38', '40', '01']",2002/01/24
1670,"['01', '14', '18', '22', '35', '41', '33']",2002/01/28
1671,"['03', '05', '13', '21', '31', '40', '28']",2002/01/31
1672,"['06', '08', '09', '26', '28', '29', '21']",2002/02/04
1673,"['01', '05', '18', '24', '28', '36', '11']",2002/02/07
1674,"['04', '06', '11', '15', '19', '24', '10']",2002/02/11
1675,"['07', '14', '24', '30', '34', '38', '06']",2002/02/14
1676,"['02', '08', '11', '26', '42', '43', '13']",2002/02/18
1677,"['12', '18', '23', '33', '39', '41', '29']",2002/02/21
1678,"['03', '05', '35', '36', '41', '45', '20']",2002/02/25
1679,"['07', '11', '26', '27', '35', '41', '14']",2002/02/28
1680,"['19', '23', '33', '35', '44', '45', '09']",2002/03/04
1681,"['02', '05', '11', '22', '32', '41', '09']",2002/03/07
1682,"['07', '16', '20', '21', '22', '42', '10']",2002/03/11
1683,"['07', '10', '33', '35', '39', '40', '02']",2002/03/14
1684,"['06', '11', '20', '25', '40', '41', '15']",2002/03/18
1685,"['08', '12', '14', '21', '37', '45', '33']",2002/03/21
1686,"['05', '15', '23', '26', '27', '44', '02']",2002/03/25
1687,"['07', '08', '11', '23', '30', '39', '09']",2002/03/28
1688,"['06', '09', '21', '28', '33', '36', '24']",2002/04/01
1689,"['02', '10', '18', '27', '39', '42', '19']",2002/04/04
1690,"['07', '10', '18', '25', '32', '36', '28']",2002/04/08
1691,"['05', '06', '14', '16', '17', '28', '25']",2002/04/11
1692,"['03', '11', '15', '32', '36', '45', '07']",2002/04/15
1693,"['20', '23', '35', '38', '40', '43', '28']",2002/04/18
1694,"['03', '05', '06', '24', '31', '43', '20']",2002/04/22
1695,"['22', '30', '32', '35', '41', '44', '27']",2002/04/25
1696,"['10', '18', '32', '34', '44', '45', '12']",2002/04/29
1697,"['18', '21', '27', '39', '43', '45', '31']",2002/05/02
1698,"['09', '18', '22', '35', '40', '43', '10']",2002/05/06
1699,"['04', '17', '33', '36', '39', '45', '26']",2002/05/09
1700,"['03', '06', '17', '24', '31', '33', '27']",2002/05/13
1701,"['06', '09', '16', '29', '30', '41', '27']",2002/05/16
1702,"['07', '16', '35', '37', '43', '45', '25']",2002/05/20
1703,"['02', '05', '09', '17', '37', '39', '36']",2002/05/23
1704,"['04', '24', '28', '38', '40', '45', '16']",2002/05/27
1705,"['05', '06', '07', '12', '16', '43', '42']",2002/05/30
1706,"['04', '08', '15', '23', '41', '43', '05']",2002/06/03
1707,"['02', '04', '06', '26', '29', '37', '34']",2002/06/06
1708,"['09', '25', '28', '31', '34', '42', '10']",2002/06/10
1709,"['01', '03', '11', '13', '19', '23', '40']",2002/06/13
1710,"['01', '07', '15', '30', '34', '37', '04']",2002/06/17
1711,"['17', '24', '25', '34', '35', '39', '41']",2002/06/20
1712,"['03', '24', '31', '33', '42', '45', '29']",2002/06/24
1713,"['12', '19', '34', '35', '37', '44', '31']",2002/06/27
1714,"['01', '09', '10', '20', '31', '36', '12']",2002/07/01
1715,"['01', '03', '07', '17', '37', '42', '22']",2002/07/04
1716,"['10', '17', '18', '20', '21', '42', '16']",2002/07/08
1717,"['09', '17', '28', '32', '33', '44', '08']",2002/07/11
1718,"['10', '11', '22', '39', '40', '43', '04']",2002/07/15
1719,"['08', '17', '19', '26', '32', '45', '11']",2002/07/18
1720,"['05', '12', '13', '15', '37', '40', '16']",2002/07/22
1721,"['04', '07', '14', '15', '25', '36', '32']",2002/07/25
1722,"['01', '22', '30', '31', '36', '43', '05']",2002/07/29
1723,"['16', '17', '22', '25', '31', '41', '35']",2002/08/01
1724,"['25', '32', '35', '39', '40', '43', '26']",2002/08/05
1725,"['10', '15', '18', '19', '30', '31', '28']",2002/08/08
1726,"['01', '06', '14', '25', '27', '34', '24']",2002/08/12
1727,"['06', '11', '16', '30', '43', '44', '03']",2002/08/15
1728,"['17', '25', '35', '37', '42', '44', '33']",2002/08/19
1729,"['02', '03', '11', '15', '34', '43', '24']",2002/08/22
1730,"['05', '06', '16', '21', '23', '32', '04']",2002/08/26
1731,"['21', '24', '31', '39', '40', '42', '43']",2002/08/29
1732,"['06', '08', '09', '16', '36', '39', '26']",2002/09/02
1733,"['01', '15', '16', '32', '35', '36', '25']",2002/09/05
1734,"['17', '22', '26', '37', '41', '43', '34']",2002/09/09
1735,"['03', '04', '10', '13', '22', '45', '01']",2002/09/12
1736,"['05', '19', '27', '30', '33', '34', '07']",2002/09/16
1737,"['11', '17', '34', '35', '42', '45', '28']",2002/09/19
1738,"['04', '07', '17', '21', '26', '45', '37']",2002/09/23
1739,"['03', '22', '31', '34', '35', '41', '42']",2002/09/26
1740,"['09', '19', '21', '33', '36', '37', '18']",2002/09/30
1741,"['09', '12', '22', '35', '36', '45', '20']",2002/10/03
1742,"['10', '15', '22', '24', '29', '44', '01']",2002/10/07
1743,"['01', '02', '06', '20', '27', '29', '42']",2002/10/10
1744,"['08', '11', '19', '23', '25', '33', '27']",2002/10/14
1745,"['03', '14', '16', '24', '34', '38', '39']",2002/10/17
1746,"['02', '24', '25', '34', '38', '40', '16']",2002/10/21
1747,"['01', '09', '14', '27', '41', '44', '31']",2002/10/24
1748,"['06', '07', '08', '10', '13', '37', '41']",2002/10/28
1749,"['12', '15', '17', '35', '41', '45', '30']",2002/10/31
1750,"['08', '17', '20', '27', '33', '39', '40']",2002/11/04
1751,"['08', '25', '29', '34', '38', '43', '09']",2002/11/07
1752,"['07', '26', '34', '36', '39', '42', '05']",2002/11/11
1753,"['03', '20', '23', '26', '35', '36', '06']",2002/11/14
1754,"['12', '15', '17', '20', '22', '42', '24']",2002/11/18
1755,"['03', '07', '20', '26', '39', '45', '34']",2002/11/21
1756,"['18', '22', '25', '27', '29', '34', '45']",2002/11/25
1757,"['07', '21', '36', '38', '41', '45', '06']",2002/11/28
1758,"['01', '10', '15', '30', '34', '38', '23']",2002/12/02
1759,"['05', '10', '12', '17', '34', '43', '44']",2002/12/05
1760,"['05', '15', '23', '24', '26', '36', '13']",2002/12/09
1761,"['15', '20', '22', '29', '33', '34', '37']",2002/12/12
1762,"['11', '13', '27', '32', '36', '45', '44']",2002/12/16
1763,"['12', '17', '19', '21', '29', '32', '41']",2002/12/19
1764,"['04', '05', '07', '18', '26', '30', '02']",2002/12/23
1765,"['06', '10', '13', '30', '40', '44', '32']",2002/12/26
1766,"['05', '08', '10', '16', '25', '41', '03']",2002/12/30
1767,"['01', '07', '08', '19', '21', '36', '09']",2003/01/02
1768,"['06', '21', '25', '37', '41', '44', '19']",2003/01/06
1769,"['03', '19', '24', '25', '27', '28', '32']",2003/01/09
1770,"['05', '06', '14', '21', '32', '42', '01']",2003/01/13
1771,"['01', '07', '14', '17', '29', '45', '22']",2003/01/16
1772,"['05', '14', '16', '21', '32', '40', '26']",2003/01/20
1773,"['02', '07', '17', '18', '24', '41', '16']",2003/01/23
1774,"['13', '17', '19', '22', '28', '41', '06']",2003/01/27
1775,"['05', '07', '17', '22', '32', '43', '42']",2003/01/30
1776,"['15', '24', '25', '33', '37', '41', '45']",2003/02/03
1777,"['12', '16', '21', '25', '29', '45', '08']",2003/02/06
1778,"['04', '15', '18', '26', '28', '29', '21']",2003/02/10
1779,"['07', '16', '22', '23', '29', '30', '02']",2003/02/13
1780,"['08', '19', '20', '24', '26', '41', '15']",2003/02/17
1781,"['08', '09', '30', '35', '39', '43', '24']",2003/02/20
1782,"['16', '18', '24', '28', '37', '39', '06']",2003/02/24
1783,"['02', '20', '28', '38', '41', '42', '15']",2003/02/27
1784,"['01', '16', '22', '24', '29', '39', '07']",2003/03/03
1785,"['02', '10', '18', '26', '33', '45', '03']",2003/03/06
1786,"['09', '10', '23', '30', '33', '42', '07']",2003/03/10
1787,"['10', '16', '21', '31', '32', '39', '35']",2003/03/13
1788,"['03', '04', '08', '10', '11', '16', '32']",2003/03/17
1789,"['02', '09', '12', '20', '30', '31', '40']",2003/03/20
1790,"['13', '17', '26', '34', '39', '41', '08']",2003/03/24
1791,"['01', '05', '11', '15', '16', '38', '12']",2003/03/27
1792,"['01', '06', '09', '22', '32', '45', '36']",2003/03/31
1793,"['04', '11', '13', '21', '31', '39', '41']",2003/04/03
1794,"['03', '04', '20', '28', '33', '43', '30']",2003/04/07
1795,"['04', '10', '24', '38', '42', '43', '44']",2003/04/10
1796,"['18', '21', '23', '31', '37', '45', '12']",2003/04/14
1797,"['15', '20', '22', '40', '43', '44', '10']",2003/04/17
1798,"['03', '05', '09', '11', '16', '42', '08']",2003/04/21
1799,"['02', '03', '06', '21', '30', '35', '19']",2003/04/24
1800,"['05', '06', '14', '19', '26', '45', '34']",2003/04/28
1801,"['01', '03', '12', '20', '31', '43', '18']",2003/05/01
1802,"['07', '15', '22', '24', '30', '42', '19']",2003/05/05
1803,"['04', '07', '14', '24', '31', '33', '13']",2003/05/08
1804,"['06', '08', '15', '22', '25', '36', '01']",2003/05/12
1805,"['01', '03', '05', '22', '27', '31', '33']",2003/05/15
1806,"['01', '20', '22', '25', '29', '39', '27']",2003/05/19
1807,"['02', '09', '11', '23', '41', '42', '15']",2003/05/22
1808,"['02', '05', '11', '24', '34', '37', '42']",2003/05/26
1809,"['02', '05', '15', '20', '26', '29', '17']",2003/05/29
1810,"['18', '22', '27', '28', '29', '43', '02']",2003/06/02
1811,"['10', '14', '17', '21', '31', '45', '06']",2003/06/05
1812,"['14', '16', '20', '28', '41', '44', '32']",2003/06/09
1813,"['05', '12', '14', '17', '25', '36', '33']",2003/06/12
1814,"['09', '12', '17', '20', '30', '43', '01']",2003/06/16
1815,"['16', '18', '19', '28', '31', '42', '07']",2003/06/19
1816,"['03', '07', '10', '35', '42', '43', '05']",2003/06/23
1817,"['01', '10', '11', '33', '37', '40', '16']",2003/06/26
1818,"['08', '13', '15', '24', '25', '27', '34']",2003/06/30
1819,"['11', '22', '23', '26', '30', '37', '43']",2003/07/03
1820,"['07', '15', '23', '39', '43', '45', '22']",2003/07/07
1821,"['01', '02', '21', '23', '27', '39', '19']",2003/07/10
1822,"['13', '24', '25', '27', '31', '38', '42']",2003/07/14
1823,"['12', '20', '27', '28', '33', '34', '30']",2003/07/17
1824,"['02', '06', '11', '18', '28', '41', '24']",2003/07/21
1825,"['04', '15', '16', '20', '34', '41', '11']",2003/07/24
1826,"['03', '07', '25', '26', '27', '43', '18']",2003/07/28
1827,"['01', '17', '24', '29', '34', '35', '28']",2003/07/31
1828,"['03', '15', '23', '24', '32', '40', '11']",2003/08/04
1829,"['01', '25', '32', '36', '41', '42', '26']",2003/08/07
1830,"['04', '13', '17', '18', '24', '26', '33']",2003/08/11
1831,"['09', '15', '21', '39', '43', '44', '01']",2003/08/14
1832,"['04', '09', '14', '30', '38', '39', '28']",2003/08/18
1833,"['04', '10', '21', '22', '32', '36', '05']",2003/08/21
1834,"['12', '15', '26', '27', '30', '33', '39']",2003/08/25
1835,"['22', '24', '27', '39', '43', '45', '26']",2003/08/28
1836,"['04', '05', '08', '13', '18', '31', '24']",2003/09/01
1837,"['05', '07', '18', '25', '28', '40', '10']",2003/09/04
1838,"['13', '14', '23', '24', '41', '44', '40']",2003/09/08
1839,"['02', '12', '15', '27', '28', '41', '44']",2003/09/11
1840,"['08', '12', '15', '20', '28', '29', '18']",2003/09/15
1841,"['13', '14', '20', '25', '36', '44', '17']",2003/09/18
1842,"['05', '22', '25', '34', '37', '42', '24']",2003/09/22
1843,"['20', '29', '31', '34', '39', '41', '36']",2003/09/25
1844,"['01', '06', '14', '16', '30', '37', '09']",2003/09/29
1845,"['04', '05', '26', '28', '33', '35', '22']",2003/10/02
1846,"['06', '11', '12', '16', '25', '36', '21']",2003/10/06
1847,"['10', '11', '23', '25', '31', '39', '08']",2003/10/09
1848,"['09', '12', '19', '23', '31', '45', '37']",2003/10/13
1849,"['05', '25', '32', '34', '38', '43', '31']",2003/10/16
1850,"['05', '24', '26', '27', '38', '39', '07']",2003/10/20
1851,"['08', '09', '12', '19', '23', '38', '37']",2003/10/23
1852,"['03', '04', '09', '13', '20', '39', '26']",2003/10/27
1853,"['06', '07', '09', '12', '14', '21', '04']",2003/10/30
1854,"['16', '21', '30', '41', '42', '44', '13']",2003/11/03
1855,"['05', '07', '14', '20', '34', '45', '19']",2003/11/06
1856,"['11', '14', '19', '21', '30', '32', '26']",2003/11/10
1857,"['06', '09', '13', '16', '25', '45', '34']",2003/11/13
1858,"['09', '12', '23', '29', '37', '40', '27']",2003/11/17
1859,"['09', '11', '22', '27', '37', '45', '15']",2003/11/20
1860,"['01', '02', '09', '26', '30', '32', '18']",2003/11/24
1861,"['11', '15', '20', '30', '31', '33', '13']",2003/11/27
1862,"['05', '13', '20', '36', '37', '38', '02']",2003/12/01
1863,"['04', '09', '16', '20', '34', '41', '12']",2003/12/04
1864,"['03', '19', '25', '32', '33', '41', '17']",2003/12/08
1865,"['04', '07', '16', '19', '28', '38', '27']",2003/12/11
1866,"['04', '10', '13', '18', '21', '25', '33']",2003/12/15
1867,"['03', '14', '17', '22', '34', '40', '08']",2003/12/18
1868,"['03', '08', '30', '33', '39', '42', '27']",2003/12/22
1869,"['03', '24', '25', '28', '29', '38', '32']",2003/12/25
1870,"['02', '12', '14', '18', '24', '30', '33']",2003/12/29
1871,"['07', '09', '12', '19', '23', '34', '05']",2004/01/01
1872,"['08', '16', '17', '41', '43', '45', '27']",2004/01/05
1873,"['17', '25', '30', '34', '37', '42', '05']",2004/01/08
1874,"['09', '11', '15', '17', '19', '44', '37']",2004/01/12
1875,"['02', '05', '09', '10', '32', '39', '26']",2004/01/15
1876,"['14', '18', '20', '36', '42', '44', '13']",2004/01/19
1877,"['13', '22', '28', '32', '36', '37', '19']",2004/01/23
1878,"['08', '09', '16', '24', '35', '36', '33']",2004/01/26
1879,"['02', '03', '04', '05', '27', '31', '45']",2004/01/29
1880,"['06', '16', '17', '19', '28', '34', '24']",2004/02/02
1881,"['14', '20', '24', '25', '30', '36', '29']",2004/02/05
1882,"['06', '10', '19', '25', '34', '35', '08']",2004/02/09
1883,"['03', '10', '18', '29', '36', '42', '21']",2004/02/12
1884,"['06', '08', '39', '40', '41', '45', '22']",2004/02/16
1885,"['05', '08', '17', '21', '35', '36', '15']",2004/02/19
1886,"['06', '20', '21', '23', '28', '39', '38']",2004/02/23
1887,"['03', '10', '16', '26', '40', '44', '25']",2004/02/26
1888,"['14', '20', '22', '25', '28', '29', '27']",2004/03/01
1889,"['06', '07', '25', '40', '41', '43', '02']",2004/03/04
1890,"['02', '17', '19', '21', '42', '44', '18']",2004/03/08
1891,"['18', '24', '26', '34', '36', '43', '10']",2004/03/11
1892,"['01', '09', '13', '16', '35', '45', '32']",2004/03/15
1893,"['06', '17', '31', '40', '42', '43', '21']",2004/03/18
1894,"['16', '21', '23', '27', '28', '35', '22']",2004/03/22
1895,"['13', '18', '20', '37', '38', '43', '06']",2004/03/25
1896,"['01', '02', '06', '07', '19', '24', '32']",2004/03/29
1897,"['03', '09', '27', '28', '39', '40', '31']",2004/04/01
1898,"['04', '07', '12', '13', '15', '33', '16']",2004/04/05
1899,"['11', '25', '30', '33', '36', '39', '04']",2004/04/08
1900,"['08', '10', '16', '29', '32', '37', '02']",2004/04/12
1901,"['02', '03', '09', '19', '32', '34', '26']",2004/04/15
1902,"['10', '15', '26', '36', '39', '45', '18']",2004/04/19
1903,"['06', '08', '14', '23', '26', '37', '05']",2004/04/22
1904,"['07', '15', '18', '24', '25', '37', '41']",2004/04/26
1905,"['06', '10', '18', '22', '31', '32', '43']",2004/04/29
1906,"['03', '04', '09', '12', '20', '33', '37']",2004/05/03
1907,"['05', '11', '20', '23', '27', '30', '34']",2004/05/06
1908,"['02', '06', '08', '16', '21', '41', '19']",2004/05/10
1909,"['11', '13', '16', '21', '35', '45', '24']",2004/05/13
1910,"['02', '06', '10', '17', '21', '28', '13']",2004/05/17
1911,"['17', '23', '25', '32', '36', '45', '20']",2004/05/20
1912,"['06', '07', '16', '33', '40', '44', '21']",2004/05/24
1913,"['01', '04', '12', '13', '18', '35', '37']",2004/05/27
1914,"['02', '08', '24', '26', '29', '36', '07']",2004/05/31
1915,"['08', '13', '20', '30', '41', '43', '28']",2004/06/03
1916,"['03', '05', '10', '26', '29', '33', '43']",2004/06/07
1917,"['02', '10', '11', '28', '39', '40', '29']",2004/06/10
1918,"['02', '17', '21', '25', '28', '30', '06']",2004/06/14
1919,"['12', '15', '27', '30', '32', '36', '09']",2004/06/17
1920,"['21', '23', '24', '30', '36', '40', '10']",2004/06/21
1921,"['10', '17', '20', '24', '39', '43', '13']",2004/06/24
1922,"['11', '13', '17', '30', '37', '41', '38']",2004/06/28
1923,"['11', '15', '16', '22', '42', '43', '03']",2004/07/01
1924,"['09', '10', '15', '18', '34', '43', '11']",2004/07/05
1925,"['01', '03', '21', '27', '32', '40', '12']",2004/07/08
1926,"['05', '06', '09', '40', '41', '42', '18']",2004/07/12
1927,"['02', '04', '06', '37', '38', '40', '19']",2004/07/15
1928,"['11', '12', '13', '20', '43', '44', '33']",2004/07/19
1929,"['04', '19', '21', '30', '35', '45', '24']",2004/07/22
1930,"['07', '31', '32', '33', '39', '45', '24']",2004/07/26
1931,"['01', '07', '15', '20', '26', '39', '44']",2004/07/29
1932,"['01', '07', '18', '28', '29', '40', '08']",2004/08/02
1933,"['14', '25', '27', '28', '32', '41', '30']",2004/08/05
1934,"['16', '19', '20', '21', '32', '41', '05']",2004/08/09
1935,"['04', '14', '27', '33', '37', '38', '35']",2004/08/12
1936,"['11', '12', '22', '28', '33', '37', '23']",2004/08/16
1937,"['13', '15', '17', '26', '34', '44', '18']",2004/08/19
1938,"['13', '14', '17', '32', '37', '41', '29']",2004/08/23
1939,"['01', '07', '11', '20', '33', '36', '21']",2004/08/26
1940,"['01', '05', '12', '30', '38', '43', '41']",2004/08/30
1941,"['03', '23', '24', '33', '36', '45', '27']",2004/09/02
1942,"['06', '09', '11', '13', '15', '25', '16']",2004/09/06
1943,"['09', '14', '18', '26', '29', '30', '21']",2004/09/09
1944,"['02', '09', '20', '23', '28', '40', '39']",2004/09/13
1945,"['05', '07', '20', '32', '35', '42', '33']",2004/09/16
1946,"['02', '11', '13', '26', '29', '31', '25']",2004/09/20
1947,"['07', '19', '37', '38', '41', '43', '04']",2004/09/23
1948,"['03', '04', '10', '33', '37', '42', '16']",2004/09/27
1949,"['13', '17', '22', '31', '42', '43', '30']",2004/09/30
1950,"['11', '18', '30', '37', '38', '39', '10']",2004/10/04
1951,"['07', '17', '23', '30', '38', '42', '36']",2004/10/07
1952,"['02', '16', '32', '37', '38', '40', '13']",2004/10/11
1953,"['24', '30', '31', '35', '41', '45', '34']",2004/10/14
1954,"['09', '10', '13', '17', '23', '28', '29']",2004/10/18
1955,"['03', '05', '16', '21', '28', '43', '29']",2004/10/21
1956,"['08', '15', '19', '20', '41', '44', '24']",2004/10/25
1957,"['15', '25', '31', '38', '43', '45', '32']",2004/10/28
1958,"['03', '05', '09', '23', '43', '45', '32']",2004/11/01
1959,"['02', '08', '11', '14', '15', '34', '16']",2004/11/04
1960,"['03', '10', '18', '31', '34', '43', '35']",2004/11/08
1961,"['11', '14', '16', '17', '33', '40', '21']",2004/11/11
1962,"['02', '14', '22', '30', '33', '37', '34']",2004/11/15
1963,"['03', '11', '12', '21', '32', '40', '45']",2004/11/18
1964,"['13', '15', '18', '20', '31', '45', '26']",2004/11/22
1965,"['15', '17', '28', '39', '42', '44', '01']",2004/11/25
1966,"['11', '17', '30', '31', '35', '41', '18']",2004/11/29
1967,"['04', '06', '12', '18', '23', '31', '20']",2004/12/02
1968,"['04', '11', '12', '20', '22', '37', '35']",2004/12/06
1969,"['06', '11', '17', '19', '33', '43', '02']",2004/12/09
1970,"['02', '11', '20', '27', '33', '42', '23']",2004/12/13
1971,"['06', '12', '20', '30', '40', '41', '15']",2004/12/16
1972,"['04', '07', '12', '22', '23', '38', '15']",2004/12/20
1973,"['13', '14', '17', '25', '33', '38', '44']",2004/12/23
1974,"['01', '16', '17', '26', '34', '43', '39']",2004/12/27
1975,"['06', '07', '09', '21', '33', '44', '23']",2004/12/30
1976,"['21', '31', '34', '35', '37', '38', '17']",2005/01/03
1977,"['03', '06', '13', '20', '42', '45', '28']",2005/01/06
1978,"['10', '12', '27', '29', '39', '45', '40']",2005/01/10
1979,"['07', '10', '21', '25', '28', '44', '14']",2005/01/13
1980,"['06', '14', '27', '29', '39', '45', '32']",2005/01/17
1981,"['15', '28', '30', '33', '34', '44', '36']",2005/01/20
1982,"['12', '14', '20', '32', '39', '42', '16']",2005/01/24
1983,"['02', '05', '12', '16', '37', '40', '42']",2005/01/27
1984,"['11', '13', '16', '19', '23', '25', '44']",2005/01/31
1985,"['06', '17', '22', '29', '37', '40', '38']",2005/02/03
1986,"['06', '23', '25', '38', '40', '41', '17']",2005/02/07
1987,"['14', '25', '30', '37', '39', '42', '17']",2005/02/10
1988,"['05', '15', '30', '34', '43', '44', '42']",2005/02/14
1989,"['05', '12', '13', '30', '31', '43', '39']",2005/02/17
1990,"['03', '04', '14', '27', '33', '41', '25']",2005/02/21
1991,"['06', '08', '38', '43', '44', '45', '25']",2005/02/24
1992,"['04', '07', '12', '24', '25', '42', '20']",2005/02/28
1993,"['07', '12', '31', '33', '35', '41', '13']",2005/03/03
1994,"['02', '10', '17', '22', '25', '34', '45']",2005/03/07
1995,"['05', '08', '12', '14', '28', '31', '06']",2005/03/10
1996,"['01', '15', '25', '26', '44', '45', '29']",2005/03/14
1997,"['07', '17', '25', '27', '28', '43', '10']",2005/03/17
1998,"['01', '09', '12', '18', '20', '33', '34']",2005/03/21
1999,"['04', '14', '17', '18', '28', '38', '30']",2005/03/24
2000,"['04', '19', '20', '21', '27', '33', '35']",2005/03/28
2001,"['02', '04', '12', '21', '27', '37', '43']",2005/03/31
2002,"['02', '20', '21', '22', '27', '35', '37']",2005/04/04
2003,"['07', '10', '11', '30', '38', '41', '33']",2005/04/07
2004,"['06', '13', '15', '23', '31', '32', '18']",2005/04/11
2005,"['10', '28', '29', '35', '37', '41', '44']",2005/04/14
2006,"['01', '10', '13', '21', '24', '39', '08']",2005/04/18
2007,"['10', '14', '15', '30', '33', '38', '03']",2005/04/21
2008,"['04', '06', '13', '17', '39', '40', '20']",2005/04/25
2009,"['05', '12', '25', '37', '38', '43', '33']",2005/04/28
2010,"['04', '10', '16', '18', '20', '36', '13']",2005/05/02
2011,"['01', '05', '07', '11', '14', '36', '22']",2005/05/05
2012,"['04', '09', '12', '18', '40', '44', '16']",2005/05/09
2013,"['07', '14', '20', '33', '39', '43', '09']",2005/05/12
2014,"['04', '09', '24', '27', '31', '41', '19']",2005/05/16
2015,"['01', '07', '16', '18', '19', '38', '32']",2005/05/19
2016,"['01', '04', '06', '08', '29', '41', '10']",2005/05/23
2017,"['08', '10', '19', '25', '26', '36', '07']",2005/05/26
2018,"['03', '16', '17', '19', '42', '43', '25']",2005/05/30
2019,"['05', '08', '09', '18', '26', '41', '30']",2005/06/02
2020,"['01', '02', '19', '27', '36', '37', '18']",2005/06/06
2021,"['07', '20', '23', '26', '40', '43', '36']",2005/06/09
2022,"['09', '14', '27', '28', '34', '36', '45']",2005/06/13
2023,"['02', '05', '22', '27', '35', '45', '20']",2005/06/16
2024,"['04', '22', '23', '28', '34', '35', '11']",2005/06/20
2025,"['05', '10', '11', '16', '28', '42', '31']",2005/06/23
2026,"['08', '22', '30', '37', '41', '45', '11']",2005/06/27
2027,"['01', '05', '11', '17', '29', '37', '20']",2005/06/30
2028,"['02', '04', '17', '34', '43', '45', '16']",2005/07/04
2029,"['02', '03', '11', '17', '26', '39', '07']",2005/07/07
2030,"['10', '19', '25', '32', '34', '41', '18']",2005/07/11
2031,"['01', '18', '21', '26', '30', '37', '25']",2005/07/14
2032,"['01', '04', '05', '16', '20', '31', '19']",2005/07/18
2033,"['05', '06', '09', '10', '33', '40', '37']",2005/07/21
2034,"['11', '12', '16', '24', '34', '45', '36']",2005/07/25
2035,"['04', '08', '17', '30', '32', '40', '38']",2005/07/28
2036,"['08', '10', '13', '20', '36', '39', '07']",2005/08/01
2037,"['01', '20', '26', '36', '38', '44', '11']",2005/08/04
2038,"['05', '06', '20', '27', '35', '36', '16']",2005/08/08
2039,"['03', '05', '23', '35', '38', '42', '12']",2005/08/11
2040,"['01', '07', '14', '27', '42', '44', '03']",2005/08/15
2041,"['01', '04', '12', '18', '22', '35', '20']",2005/08/18
2042,"['29', '30', '32', '35', '41', '44', '03']",2005/08/22
2043,"['05', '14', '18', '37', '39', '42', '31']",2005/08/25
2044,"['04', '08', '14', '24', '25', '31', '15']",2005/08/29
2045,"['01', '10', '14', '19', '20', '41', '24']",2005/09/01
2046,"['09', '12', '13', '17', '32', '37', '18']",2005/09/05
2047,"['11', '16', '17', '22', '31', '38', '36']",2005/09/08
2048,"['11', '15', '16', '24', '28', '38', '20']",2005/09/12
2049,"['02', '03', '05', '10', '15', '28', '23']",2005/09/15
2050,"['06', '10', '11', '28', '31', '44', '01']",2005/09/19
2051,"['02', '12', '23', '30', '31', '34', '44']",2005/09/22
2052,"['05', '13', '14', '17', '28', '40', '43']",2005/09/26
2053,"['11', '15', '16', '29', '31', '41', '12']",2005/09/29
2054,"['01', '06', '08', '17', '20', '39', '28']",2005/10/03
2055,"['06', '23', '24', '29', '33', '44', '16']",2005/10/06
2056,"['10', '11', '19', '34', '35', '43', '26']",2005/10/10
2057,"['01', '16', '17', '30', '42', '45', '05']",2005/10/13
2058,"['20', '21', '23', '29', '31', '32', '22']",2005/10/17
2059,"['04', '05', '27', '28', '42', '45', '33']",2005/10/20
2060,"['01', '02', '08', '17', '19', '28', '44']",2005/10/24
2061,"['23', '28', '36', '38', '42', '43', '41']",2005/10/27
2062,"['09', '15', '19', '20', '35', '44', '18']",2005/10/31
2063,"['08', '09', '12', '24', '35', '37', '43']",2005/11/03
2064,"['05', '10', '12', '20', '24', '40', '03']",2005/11/07
2065,"['13', '22', '23', '27', '37', '38', '39']",2005/11/10
2066,"['04', '17', '23', '30', '32', '35', '24']",2005/11/14
2067,"['04', '25', '30', '37', '38', '41', '33']",2005/11/17
2068,"['07', '26', '31', '32', '37', '44', '22']",2005/11/21
2069,"['10', '15', '17', '19', '40', '44', '35']",2005/11/24
2070,"['13', '15', '28', '32', '41', '45', '34']",2005/11/28
2071,"['01', '12', '19', '30', '40', '43', '39']",2005/12/01
2072,"['04', '13', '21', '24', '27', '34', '12']",2005/12/05
2073,"['11', '23', '28', '33', '43', '45', '16']",2005/12/08
2074,"['09', '24', '30', '39', '41', '45', '37']",2005/12/12
2075,"['02', '26', '27', '37', '41', '43', '06']",2005/12/15
2076,"['02', '18', '34', '35', '42', '44', '03']",2005/12/19
2077,"['13', '24', '30', '39', '41', '43', '10']",2005/12/22
2078,"['15', '19', '23', '27', '29', '42', '04']",2005/12/26
2079,"['01', '07', '30', '33', '38', '42', '06']",2005/12/29
2080,"['04', '08', '14', '19', '36', '37', '16']",2006/01/02
2081,"['02', '13', '16', '26', '30', '34', '01']",2006/01/05
2082,"['14', '16', '27', '33', '38', '42', '03']",2006/01/09
2083,"['06', '12', '17', '19', '33', '44', '34']",2006/01/12
2084,"['01', '08', '18', '29', '38', '39', '25']",2006/01/16
2085,"['05', '16', '26', '27', '40', '44', '01']",2006/01/19
2086,"['14', '16', '22', '27', '29', '41', '02']",2006/01/23
2087,"['01', '02', '08', '24', '36', '42', '03']",2006/01/26
2088,"['12', '18', '20', '24', '36', '37', '14']",2006/01/30
2089,"['05', '17', '21', '23', '33', '41', '44']",2006/02/02
2090,"['03', '10', '25', '27', '32', '41', '42']",2006/02/06
2091,"['11', '15', '23', '24', '30', '42', '09']",2006/02/10
2092,"['07', '10', '13', '16', '37', '42', '33']",2006/02/13
2093,"['01', '06', '13', '18', '23', '42', '14']",2006/02/16
2094,"['03', '14', '16', '34', '38', '40', '17']",2006/02/20
2095,"['06', '13', '19', '21', '35', '40', '03']",2006/02/23
2096,"['02', '03', '07', '13', '31', '33', '04']",2006/02/27
2097,"['10', '14', '19', '22', '27', '29', '45']",2006/03/02
2098,"['01', '28', '30', '31', '43', '45', '09']",2006/03/06
2099,"['05', '08', '23', '28', '35', '45', '39']",2006/03/09
2100,"['03', '04', '06', '16', '32', '43', '17']",2006/03/13
2101,"['01', '21', '31', '33', '40', '41', '38']",2006/03/16
2102,"['02', '09', '22', '31', '34', '41', '36']",2006/03/20
2103,"['09', '18', '25', '32', '40', '44', '16']",2006/03/23
2104,"['04', '12', '13', '20', '30', '43', '33']",2006/03/27
2105,"['09', '15', '21', '22', '30', '43', '05']",2006/03/30
2106,"['07', '09', '13', '22', '41', '44', '31']",2006/04/03
2107,"['19', '23', '24', '31', '35', '38', '02']",2006/04/06
2108,"['04', '05', '11', '30', '32', '38', '07']",2006/04/10
2109,"['08', '11', '22', '29', '41', '44', '45']",2006/04/13
2110,"['17', '22', '23', '27', '31', '37', '34']",2006/04/17
2111,"['01', '25', '26', '35', '36', '42', '30']",2006/04/20
2112,"['02', '09', '20', '27', '33', '38', '18']",2006/04/24
2113,"['01', '06', '09', '15', '19', '28', '27']",2006/04/27
2114,"['01', '04', '06', '23', '27', '41', '28']",2006/05/01
2115,"['02', '10', '16', '23', '25', '29', '20']",2006/05/04
2116,"['17', '27', '31', '38', '40', '41', '01']",2006/05/08
2117,"['06', '12', '18', '19', '34', '35', '23']",2006/05/11
2118,"['05', '08', '17', '25', '29', '39', '38']",2006/05/15
2119,"['09', '11', '30', '31', '32', '34', '26']",2006/05/18
2120,"['07', '11', '14', '23', '24', '40', '31']",2006/05/22
2121,"['01', '07', '12', '18', '38', '45', '10']",2006/05/25
2122,"['02', '12', '30', '31', '34', '44', '03']",2006/05/29
2123,"['03', '17', '19', '29', '30', '34', '11']",2006/06/01
2124,"['06', '09', '10', '11', '32', '38', '45']",2006/06/05
2125,"['01', '12', '26', '31', '37', '45', '21']",2006/06/08
2126,"['04', '14', '15', '36', '41', '43', '42']",2006/06/12
2127,"['05', '09', '21', '24', '30', '39', '31']",2006/06/15
2128,"['03', '04', '08', '15', '21', '31', '07']",2006/06/19
2129,"['07', '10', '15', '28', '37', '41', '32']",2006/06/22
2130,"['01', '10', '12', '29', '34', '38', '35']",2006/06/26
2131,"['07', '15', '20', '26', '30', '36', '43']",2006/06/29
2132,"['04', '09', '12', '13', '17', '27', '30']",2006/07/03
2133,"['10', '14', '18', '23', '24', '27', '32']",2006/07/06
2134,"['26', '28', '37', '39', '41', '42', '33']",2006/07/10
2135,"['07', '08', '16', '22', '35', '43', '19']",2006/07/13
2136,"['03', '06', '07', '12', '17', '20', '44']",2006/07/17
2137,"['01', '16', '18', '23', '28', '38', '31']",2006/07/20
2138,"['08', '11', '12', '17', '18', '33', '19']",2006/07/24
2139,"['11', '19', '27', '35', '36', '44', '43']",2006/07/27
2140,"['05', '13', '14', '31', '38', '44', '25']",2006/07/31
2141,"['21', '25', '27', '30', '36', '45', '41']",2006/08/03
2142,"['01', '11', '24', '25', '42', '44', '28']",2006/08/07
2143,"['03', '08', '13', '31', '36', '44', '11']",2006/08/10
2144,"['09', '19', '28', '35', '36', '40', '17']",2006/08/14
2145,"['05', '08', '19', '37', '42', '45', '30']",2006/08/17
2146,"['01', '02', '13', '28', '34', '44', '03']",2006/08/21
2147,"['07', '21', '29', '32', '36', '38', '04']",2006/08/24
2148,"['02', '05', '20', '30', '35', '45', '23']",2006/08/28
2149,"['01', '09', '12', '17', '21', '41', '36']",2006/08/31
2150,"['05', '28', '29', '33', '40', '44', '03']",2006/09/04
2151,"['01', '10', '12', '16', '19', '45', '04']",2006/09/07
2152,"['08', '14', '24', '25', '36', '43', '31']",2006/09/11
2153,"['04', '12', '15', '26', '29', '45', '01']",2006/09/14
2154,"['07', '15', '20', '28', '32', '35', '44']",2006/09/18
2155,"['13', '17', '22', '25', '31', '34', '08']",2006/09/21
2156,"['01', '03', '11', '12', '18', '33', '19']",2006/09/25
2157,"['02', '22', '28', '31', '39', '40', '06']",2006/09/28
2158,"['04', '07', '10', '13', '34', '35', '22']",2006/10/02
2159,"['05', '13', '24', '31', '35', '38', '43']",2006/10/06
2160,"['11', '18', '26', '30', '33', '43', '28']",2006/10/09
2161,"['04', '07', '12', '19', '20', '31', '34']",2006/10/12
2162,"['03', '11', '21', '23', '35', '44', '22']",2006/10/16
2163,"['02', '08', '23', '31', '37', '38', '15']",2006/10/19
2164,"['03', '06', '09', '16', '23', '26', '41']",2006/10/23
2165,"['16', '19', '21', '24', '32', '41', '07']",2006/10/26
2166,"['01', '04', '21', '22', '24', '40', '18']",2006/10/30
2167,"['08', '12', '22', '29', '31', '45', '43']",2006/11/02
2168,"['10', '21', '27', '32', '37', '43', '26']",2006/11/06
2169,"['05', '12', '14', '17', '22', '29', '06']",2006/11/09
2170,"['01', '07', '15', '18', '28', '43', '14']",2006/11/13
2171,"['05', '13', '18', '21', '22', '28', '17']",2006/11/16
2172,"['04', '13', '27', '37', '38', '44', '18']",2006/11/20
2173,"['05', '17', '21', '23', '32', '42', '38']",2006/11/23
2174,"['04', '13', '15', '26', '28', '30', '17']",2006/11/27
2175,"['03', '09', '17', '33', '34', '38', '27']",2006/11/30
2176,"['04', '07', '11', '18', '34', '37', '25']",2006/12/04
2177,"['03', '05', '07', '11', '24', '44', '34']",2006/12/07
2178,"['04', '05', '07', '09', '10', '37', '35']",2006/12/11
2179,"['01', '05', '06', '18', '25', '29', '35']",2006/12/14
2180,"['05', '07', '15', '25', '32', '38', '30']",2006/12/18
2181,"['02', '05', '07', '17', '29', '39', '43']",2006/12/21
2182,"['06', '10', '14', '26', '31', '37', '27']",2006/12/25
2183,"['05', '24', '27', '29', '32', '36', '45']",2006/12/28
2184,"['06', '08', '10', '38', '41', '45', '09']",2007/01/01
2185,"['07', '10', '22', '24', '29', '34', '44']",2007/01/04
2186,"['11', '17', '18', '19', '34', '40', '38']",2007/01/08
2187,"['09', '10', '23', '35', '43', '45', '31']",2007/01/11
2188,"['16', '20', '24', '27', '35', '36', '21']",2007/01/15
2189,"['02', '17', '24', '26', '40', '45', '08']",2007/01/18
2190,"['10', '13', '20', '32', '36', '44', '01']",2007/01/22
2191,"['14', '16', '25', '26', '36', '44', '45']",2007/01/25
2192,"['17', '21', '28', '32', '37', '39', '38']",2007/01/29
2193,"['10', '17', '19', '25', '26', '45', '24']",2007/02/01
2194,"['19', '20', '29', '32', '34', '36', '41']",2007/02/05
2195,"['05', '12', '19', '24', '31', '40', '03']",2007/02/08
2196,"['03', '05', '10', '16', '17', '40', '33']",2007/02/12
2197,"['03', '08', '11', '16', '26', '29', '39']",2007/02/15
2198,"['02', '17', '24', '25', '32', '41', '30']",2007/02/19
2199,"['06', '12', '20', '30', '33', '41', '39']",2007/02/22
2200,"['06', '11', '13', '17', '33', '41', '14']",2007/02/26
2201,"['05', '06', '16', '17', '28', '35', '14']",2007/03/02
2202,"['07', '18', '19', '26', '27', '41', '20']",2007/03/05
2203,"['04', '08', '11', '22', '26', '43', '05']",2007/03/08
2204,"['14', '17', '34', '39', '40', '42', '38']",2007/03/12
2205,"['05', '07', '13', '22', '27', '30', '12']",2007/03/15
2206,"['02', '15', '16', '19', '25', '32', '37']",2007/03/19
2207,"['03', '09', '18', '26', '34', '42', '43']",2007/03/22
2208,"['08', '10', '32', '39', '42', '44', '40']",2007/03/26
2209,"['03', '05', '09', '17', '21', '36', '43']",2007/03/29
2210,"['03', '07', '09', '26', '30', '38', '29']",2007/04/02
2211,"['04', '08', '16', '17', '41', '44', '29']",2007/04/05
2212,"['14', '15', '19', '22', '32', '34', '44']",2007/04/09
2213,"['05', '08', '12', '14', '18', '19', '30']",2007/04/12
2214,"['10', '16', '23', '24', '29', '33', '03']",2007/04/16
2215,"['19', '24', '25', '41', '43', '44', '21']",2007/04/19
2216,"['03', '06', '08', '27', '30', '39', '35']",2007/04/23
2217,"['02', '04', '12', '30', '37', '44', '38']",2007/04/26
2218,"['01', '07', '16', '20', '39', '45', '27']",2007/04/30
2219,"['06', '07', '10', '11', '13', '39', '37']",2007/05/03
2220,"['07', '21', '23', '26', '33', '35', '31']",2007/05/07
2221,"['07', '18', '22', '27', '36', '45', '31']",2007/05/10
2222,"['05', '11', '12', '14', '17', '19', '23']",2007/05/14
2223,"['05', '06', '14', '17', '32', '39', '03']",2007/05/17
2224,"['08', '11', '15', '17', '39', '42', '32']",2007/05/21
2225,"['05', '24', '29', '40', '41', '43', '26']",2007/05/24
2226,"['07', '11', '16', '17', '20', '35', '33']",2007/05/28
2227,"['06', '09', '10', '25', '34', '38', '32']",2007/05/31
2228,"['04', '10', '24', '29', '38', '40', '34']",2007/06/04
2229,"['01', '18', '27', '33', '37', '45', '10']",2007/06/07
2230,"['04', '09', '12', '24', '43', '44', '15']",2007/06/11
2231,"['08', '19', '22', '28', '33', '38', '30']",2007/06/14
2232,"['08', '13', '18', '20', '26', '43', '21']",2007/06/18
2233,"['11', '13', '19', '30', '31', '35', '44']",2007/06/21
2234,"['08', '24', '26', '38', '41', '42', '01']",2007/06/25
2235,"['17', '18', '33', '34', '41', '42', '38']",2007/06/28
2236,"['04', '13', '20', '31', '32', '41', '36']",2007/07/02
2237,"['01', '05', '09', '10', '11', '15', '27']",2007/07/06
2238,"['15', '19', '20', '22', '27', '38', '35']",2007/07/09
2239,"['04', '17', '22', '31', '35', '40', '13']",2007/07/12
2240,"['03', '04', '17', '20', '22', '44', '05']",2007/07/16
2241,"['10', '18', '27', '39', '41', '45', '17']",2007/07/19
2242,"['09', '10', '13', '19', '33', '37', '42']",2007/07/23
2243,"['01', '08', '11', '29', '31', '32', '25']",2007/07/26
2244,"['07', '14', '22', '29', '37', '39', '40']",2007/07/30
2245,"['06', '13', '17', '36', '39', '42', '15']",2007/08/02
2246,"['12', '19', '33', '36', '42', '44', '04']",2007/08/06
2247,"['07', '10', '11', '25', '31', '34', '39']",2007/08/09
2248,"['17', '18', '20', '25', '27', '43', '26']",2007/08/13
2249,"['03', '06', '28', '32', '39', '41', '11']",2007/08/16
2250,"['03', '28', '34', '37', '41', '43', '16']",2007/08/20
2251,"['02', '03', '09', '21', '28', '40', '14']",2007/08/23
2252,"['01', '04', '12', '27', '30', '34', '25']",2007/08/27
2253,"['14', '16', '22', '24', '40', '41', '43']",2007/08/30
2254,"['08', '21', '33', '37', '39', '41', '17']",2007/09/03
2255,"['05', '12', '16', '22', '40', '42', '38']",2007/09/06
2256,"['03', '05', '12', '16', '20', '27', '06']",2007/09/10
2257,"['02', '07', '25', '27', '32', '41', '43']",2007/09/13
2258,"['05', '07', '08', '12', '15', '26', '24']",2007/09/17
2259,"['04', '06', '14', '19', '34', '40', '36']",2007/09/21
2260,"['07', '08', '16', '28', '31', '41', '37']",2007/09/24
2261,"['01', '04', '17', '29', '36', '39', '14']",2007/09/27
2262,"['02', '18', '31', '35', '39', '41', '14']",2007/10/01
2263,"['01', '06', '26', '32', '37', '40', '21']",2007/10/04
2264,"['08', '24', '27', '28', '33', '39', '32']",2007/10/08
2265,"['09', '14', '15', '22', '24', '43', '06']",2007/10/11
2266,"['04', '07', '11', '29', '41', '42', '25']",2007/10/15
2267,"['24', '26', '30', '31', '33', '39', '07']",2007/10/18
2268,"['02', '16', '23', '24', '29', '42', '18']",2007/10/22
2269,"['15', '27', '30', '33', '36', '45', '31']",2007/10/25
2270,"['03', '10', '11', '17', '26', '36', '30']",2007/10/29
2271,"['02', '20', '27', '28', '35', '41', '08']",2007/11/01
2272,"['01', '17', '34', '40', '42', '43', '24']",2007/11/05
2273,"['02', '04', '15', '17', '38', '39', '08']",2007/11/08
2274,"['04', '05', '06', '11', '17', '26', '36']",2007/11/12
2275,"['08', '11', '16', '27', '30', '38', '37']",2007/11/15
2276,"['05', '09', '11', '39', '42', '43', '01']",2007/11/19
2277,"['17', '24', '37', '38', '41', '44', '21']",2007/11/22
2278,"['07', '19', '22', '24', '28', '29', '33']",2007/11/26
2279,"['03', '07', '08', '16', '18', '25', '05']",2007/11/29
2280,"['02', '07', '22', '25', '33', '39', '23']",2007/12/03
2281,"['01', '02', '21', '30', '31', '37', '35']",2007/12/06
2282,"['02', '05', '07', '08', '17', '22', '36']",2007/12/10
2283,"['07', '10', '18', '26', '31', '43', '33']",2007/12/13
2284,"['03', '05', '08', '12', '18', '43', '45']",2007/12/17
2285,"['05', '07', '16', '17', '23', '39', '06']",2007/12/20
2286,"['01', '15', '25', '26', '27', '41', '30']",2007/12/24
2287,"['08', '12', '27', '33', '35', '38', '31']",2007/12/27
2288,"['02', '03', '10', '21', '22', '39', '33']",2007/12/31
2289,"['11', '16', '17', '32', '35', '42', '03']",2008/01/03
2290,"['04', '08', '10', '11', '12', '24', '20']",2008/01/07
2291,"['09', '11', '17', '33', '37', '43', '25']",2008/01/10
2292,"['03', '22', '23', '25', '27', '34', '43']",2008/01/14
2293,"['06', '13', '16', '20', '32', '40', '35']",2008/01/17
2294,"['02', '07', '10', '14', '27', '40', '23']",2008/01/21
2295,"['14', '19', '24', '39', '40', '43', '06']",2008/01/24
2296,"['02', '07', '11', '25', '29', '30', '09']",2008/01/28
2297,"['07', '12', '13', '17', '29', '38', '42']",2008/01/31
2298,"['03', '09', '19', '27', '43', '44', '39']",2008/02/04
2299,"['01', '03', '18', '27', '36', '37', '22']",2008/02/07
2300,"['05', '08', '17', '30', '31', '43', '42']",2008/02/11
2301,"['04', '12', '15', '33', '38', '45', '42']",2008/02/14
2302,"['05', '06', '30', '35', '39', '41', '25']",2008/02/16
2303,"['01', '15', '18', '19', '25', '37', '02']",2008/02/21
2304,"['06', '09', '29', '34', '39', '41', '24']",2008/02/25
2305,"['09', '19', '21', '24', '32', '38', '27']",2008/02/28
2306,"['04', '06', '15', '26', '28', '35', '42']",2008/03/03
2307,"['02', '03', '12', '29', '33', '36', '31']",2008/03/06
2308,"['10', '15', '20', '27', '28', '35', '30']",2008/03/10
2309,"['01', '02', '08', '11', '33', '44', '12']",2008/03/13
2310,"['08', '23', '27', '32', '35', '44', '33']",2008/03/17
2311,"['01', '07', '09', '11', '15', '41', '42']",2008/03/20
2312,"['14', '18', '19', '24', '32', '39', '40']",2008/03/24
2313,"['01', '16', '24', '25', '27', '36', '08']",2008/03/27
2314,"['01', '04', '15', '30', '40', '43', '42']",2008/03/31
2315,"['04', '05', '09', '14', '18', '31', '27']",2008/04/03
2316,"['07', '18', '19', '29', '32', '37', '36']",2008/04/07
2317,"['09', '12', '31', '33', '39', '41', '22']",2008/04/10
2318,"['05', '13', '19', '35', '36', '42', '44']",2008/04/14
2319,"['18', '28', '36', '38', '39', '41', '37']",2008/04/17
2320,"['09', '15', '18', '23', '24', '32', '11']",2008/04/21
2321,"['06', '10', '14', '21', '33', '42', '45']",2008/04/24
2322,"['14', '19', '20', '24', '29', '42', '10']",2008/04/28
2323,"['25', '27', '32', '33', '38', '39', '08']",2008/05/01
2324,"['10', '11', '17', '20', '38', '44', '22']",2008/05/05
2325,"['14', '16', '26', '27', '37', '44', '24']",2008/05/08
2326,"['12', '20', '27', '31', '33', '37', '26']",2008/05/12
2327,"['02', '15', '25', '39', '42', '44', '04']",2008/05/15
2328,"['07', '11', '17', '27', '32', '38', '04']",2008/05/19
2329,"['04', '05', '08', '23', '25', '31', '24']",2008/05/23
2330,"['08', '18', '25', '29', '43', '45', '37']",2008/05/26
2331,"['01', '12', '14', '25', '30', '31', '43']",2008/05/29
2332,"['09', '22', '34', '36', '39', '45', '27']",2008/06/02
2333,"['01', '10', '14', '32', '35', '41', '37']",2008/06/05
2334,"['02', '04', '07', '20', '21', '27', '11']",2008/06/09
2335,"['13', '21', '23', '25', '30', '40', '28']",2008/06/12
2336,"['03', '21', '23', '31', '34', '42', '16']",2008/06/16
2337,"['03', '16', '25', '28', '34', '39', '06']",2008/06/19
2338,"['06', '26', '28', '32', '33', '39', '02']",2008/06/23
2339,"['02', '13', '15', '16', '24', '28', '17']",2008/06/26
2340,"['04', '09', '14', '37', '41', '44', '22']",2008/06/30
2341,"['06', '11', '14', '15', '28', '45', '35']",2008/07/03
2342,"['02', '18', '19', '21', '39', '45', '36']",2008/07/07
2343,"['22', '32', '41', '42', '43', '44', '31']",2008/07/10
2344,"['05', '12', '17', '18', '38', '40', '22']",2008/07/14
2345,"['05', '10', '25', '27', '36', '39', '40']",2008/07/17
2346,"['05', '13', '25', '27', '40', '44', '02']",2008/07/21
2347,"['02', '05', '09', '20', '21', '42', '15']",2008/07/24
2348,"['04', '16', '21', '26', '31', '37', '24']",2008/07/28
2349,"['09', '10', '14', '18', '30', '34', '11']",2008/07/31
2350,"['04', '10', '12', '20', '42', '43', '24']",2008/08/04
2351,"['14', '17', '19', '21', '25', '38', '34']",2008/08/08
2352,"['03', '11', '15', '23', '31', '42', '07']",2008/08/11
2353,"['06', '07', '28', '36', '38', '45', '37']",2008/08/14
2354,"['04', '06', '18', '22', '27', '29', '26']",2008/08/18
2355,"['05', '09', '19', '30', '41', '45', '22']",2008/08/21
2356,"['06', '08', '12', '15', '33', '37', '36']",2008/08/25
2357,"['02', '11', '16', '32', '44', '45', '06']",2008/08/28
2358,"['05', '14', '29', '34', '37', '39', '30']",2008/09/01
2359,"['08', '25', '33', '39', '40', '45', '43']",2008/09/04
2360,"['08', '17', '20', '39', '41', '44', '43']",2008/09/08
2361,"['08', '10', '20', '23', '40', '41', '38']",2008/09/11
2362,"['11', '12', '13', '21', '25', '32', '02']",2008/09/15
2363,"['10', '23', '31', '37', '38', '41', '20']",2008/09/18
2364,"['06', '10', '18', '21', '30', '35', '01']",2008/09/22
2365,"['01', '15', '17', '26', '38', '42', '21']",2008/09/25
2366,"['09', '10', '22', '27', '36', '39', '44']",2008/09/29
2367,"['03', '06', '07', '11', '27', '37', '12']",2008/10/02
2368,"['06', '13', '22', '30', '31', '42', '40']",2008/10/06
2369,"['02', '20', '31', '33', '38', '42', '15']",2008/10/09
2370,"['09', '23', '24', '25', '30', '41', '14']",2008/10/13
2371,"['17', '23', '24', '38', '40', '44', '26']",2008/10/16
2372,"['12', '16', '18', '23', '25', '35', '41']",2008/10/20
2373,"['05', '11', '18', '24', '39', '41', '45']",2008/10/23
2374,"['01', '03', '06', '07', '26', '39', '18']",2008/10/27
2375,"['01', '09', '17', '23', '35', '38', '34']",2008/10/30
2376,"['01', '06', '31', '35', '40', '42', '44']",2008/11/03
2377,"['13', '24', '26', '27', '32', '35', '21']",2008/11/06
2378,"['03', '08', '12', '14', '36', '40', '24']",2008/11/10
2379,"['05', '12', '15', '20', '29', '36', '19']",2008/11/13
2380,"['08', '17', '24', '30', '42', '43', '18']",2008/11/17
2381,"['18', '24', '28', '29', '31', '38', '17']",2008/11/20
2382,"['01', '12', '19', '22', '33', '37', '21']",2008/11/24
2383,"['09', '17', '18', '25', '41', '45', '29']",2008/11/27
2384,"['04', '05', '13', '16', '23', '26', '30']",2008/12/01
2385,"['02', '09', '34', '39', '42', '43', '26']",2008/12/04
2386,"['13', '15', '18', '22', '37', '45', '35']",2008/12/08
2387,"['02', '04', '06', '28', '42', '43', '39']",2008/12/11
2388,"['17', '19', '28', '30', '32', '36', '29']",2008/12/15
2389,"['01', '02', '06', '17', '18', '21', '10']",2008/12/18
2390,"['10', '12', '16', '26', '33', '34', '29']",2008/12/22
2391,"['03', '04', '17', '28', '34', '41', '33']",2008/12/25
2392,"['02', '03', '14', '25', '27', '38', '01']",2008/12/29
2393,"['03', '04', '12', '22', '27', '39', '37']",2009/01/01
2394,"['04', '06', '08', '18', '27', '44', '13']",2009/01/05
2395,"['06', '21', '23', '28', '30', '34', '39']",2009/01/08
2396,"['02', '05', '06', '15', '28', '36', '16']",2009/01/12
2397,"['05', '15', '18', '19', '33', '43', '30']",2009/01/15
2398,"['03', '08', '25', '30', '31', '45', '21']",2009/01/19
2399,"['15', '20', '29', '33', '39', '43', '44']",2009/01/22
2400,"['03', '04', '11', '16', '41', '44', '01']",2009/01/26
2401,"['03', '13', '16', '22', '31', '32', '43']",2009/01/29
2402,"['05', '13', '16', '27', '41', '43', '07']",2009/02/02
2403,"['06', '14', '15', '28', '37', '43', '24']",2009/02/06
2404,"['05', '10', '20', '24', '29', '31', '36']",2009/02/09
2405,"['02', '11', '17', '24', '30', '36', '45']",2009/02/12
2406,"['04', '09', '21', '25', '41', '45', '37']",2009/02/16
2407,"['09', '14', '33', '34', '39', '44', '35']",2009/02/19
2408,"['02', '05', '09', '11', '14', '27', '19']",2009/02/23
2409,"['06', '10', '13', '32', '33', '35', '15']",2009/02/26
2410,"['01', '19', '22', '28', '32', '45', '13']",2009/03/02
2411,"['05', '06', '22', '33', '34', '45', '44']",2009/03/05
2412,"['03', '04', '10', '12', '30', '31', '09']",2009/03/09
2413,"['04', '16', '22', '31', '36', '40', '20']",2009/03/12
2414,"['02', '15', '16', '24', '33', '42', '39']",2009/03/16
2415,"['16', '26', '29', '31', '40', '44', '14']",2009/03/19
2416,"['08', '14', '20', '30', '38', '45', '17']",2009/03/23
2417,"['14', '21', '23', '32', '36', '40', '08']",2009/03/26
2418,"['04', '06', '20', '21', '32', '44', '18']",2009/03/30
2419,"['17', '20', '22', '31', '34', '45', '06']",2009/04/02
2420,"['07', '15', '26', '28', '34', '40', '19']",2009/04/06
2421,"['20', '26', '34', '36', '37', '39', '29']",2009/04/09
2422,"['17', '18', '23', '24', '29', '30', '38']",2009/04/13
2423,"['07', '16', '18', '31', '34', '42', '10']",2009/04/16
2424,"['04', '15', '18', '20', '41', '43', '17']",2009/04/20
2425,"['04', '18', '27', '30', '32', '42', '15']",2009/04/23
2426,"['08', '20', '30', '31', '37', '38', '09']",2009/04/27
2427,"['09', '15', '18', '29', '41', '43', '01']",2009/04/30
2428,"['02', '03', '04', '13', '16', '42', '35']",2009/05/04
2429,"['05', '17', '29', '31', '42', '45', '10']",2009/05/07
2430,"['03', '11', '14', '24', '26', '37', '33']",2009/05/11
2431,"['09', '12', '17', '28', '29', '30', '32']",2009/05/14
2432,"['13', '16', '27', '31', '35', '45', '32']",2009/05/18
2433,"['12', '16', '23', '24', '30', '31', '25']",2009/05/22
2434,"['07', '08', '21', '26', '30', '45', '15']",2009/05/25
2435,"['02', '04', '19', '21', '22', '31', '08']",2009/05/28
2436,"['04', '24', '26', '30', '31', '38', '41']",2009/06/01
2437,"['03', '22', '24', '28', '29', '32', '37']",2009/06/04
2438,"['10', '12', '17', '24', '40', '42', '07']",2009/06/08
2439,"['02', '16', '23', '35', '40', '42', '17']",2009/06/11
2440,"['01', '20', '23', '27', '35', '41', '05']",2009/06/15
2441,"['21', '22', '23', '29', '34', '36', '20']",2009/06/18
2442,"['05', '11', '16', '19', '28', '31', '14']",2009/06/22
2443,"['05', '18', '23', '34', '37', '40', '12']",2009/06/25
2444,"['07', '10', '22', '24', '29', '30', '04']",2009/06/29
2445,"['01', '03', '05', '14', '15', '25', '16']",2009/07/02
2446,"['14', '16', '17', '29', '32', '34', '45']",2009/07/06
2447,"['11', '13', '21', '32', '35', '44', '18']",2009/07/09
2448,"['25', '26', '32', '36', '42', '43', '03']",2009/07/13
2449,"['10', '20', '30', '31', '39', '45', '06']",2009/07/16
2450,"['12', '26', '28', '37', '38', '39', '01']",2009/07/20
2451,"['15', '24', '25', '32', '33', '44', '29']",2009/07/23
2452,"['04', '11', '32', '36', '39', '42', '12']",2009/07/27
2453,"['01', '08', '12', '22', '24', '35', '45']",2009/07/30
2454,"['11', '21', '23', '31', '33', '44', '06']",2009/08/03
2455,"['01', '06', '07', '08', '19', '31', '33']",2009/08/06
2456,"['15', '20', '22', '23', '29', '33', '28']",2009/08/10
2457,"['01', '23', '37', '38', '39', '42', '40']",2009/08/13
2458,"['01', '13', '22', '29', '43', '45', '17']",2009/08/17
2459,"['03', '10', '12', '13', '16', '29', '17']",2009/08/20
2460,"['06', '07', '08', '10', '12', '13', '26']",2009/08/24
2461,"['06', '07', '09', '19', '32', '41', '08']",2009/08/27
2462,"['02', '10', '17', '27', '40', '42', '11']",2009/08/31
2463,"['02', '06', '25', '30', '31', '33', '44']",2009/09/03
2464,"['01', '05', '15', '33', '34', '37', '28']",2009/09/07
2465,"['02', '25', '29', '36', '37', '40', '19']",2009/09/10
2466,"['02', '10', '12', '18', '21', '39', '35']",2009/09/14
2467,"['01', '08', '10', '29', '36', '38', '34']",2009/09/17
2468,"['03', '08', '12', '19', '34', '40', '22']",2009/09/21
2469,"['02', '04', '22', '29', '31', '39', '37']",2009/09/25
2470,"['04', '06', '16', '21', '40', '45', '10']",2009/09/28
2471,"['07', '10', '31', '33', '43', '45', '22']",2009/10/01
2472,"['10', '14', '21', '30', '39', '44', '08']",2009/10/05
2473,"['11', '13', '18', '21', '30', '31', '34']",2009/10/08
2474,"['01', '16', '20', '22', '27', '31', '38']",2009/10/12
2475,"['07', '22', '23', '36', '37', '45', '31']",2009/10/15
2476,"['05', '21', '22', '34', '36', '41', '09']",2009/10/19
2477,"['13', '31', '34', '35', '40', '43', '01']",2009/10/22
2478,"['02', '19', '23', '28', '29', '32', '25']",2009/10/26
2479,"['01', '06', '25', '28', '29', '32', '24']",2009/10/29
2480,"['16', '22', '23', '31', '37', '39', '18']",2009/11/02
2481,"['05', '13', '23', '25', '27', '37', '04']",2009/11/05
2482,"['06', '07', '18', '28', '32', '35', '42']",2009/11/09
2483,"['16', '20', '26', '29', '40', '41', '18']",2009/11/12
2484,"['20', '24', '31', '33', '34', '41', '25']",2009/11/16
2485,"['10', '22', '33', '37', '44', '45', '15']",2009/11/19
2486,"['01', '20', '21', '22', '29', '30', '38']",2009/11/23
2487,"['05', '11', '12', '17', '20', '30', '43']",2009/11/26
2488,"['01', '17', '22', '35', '44', '45', '36']",2009/11/30
2489,"['01', '08', '10', '12', '13', '14', '15']",2009/12/03
2490,"['04', '13', '22', '27', '39', '45', '21']",2009/12/07
2491,"['08', '10', '13', '21', '25', '45', '26']",2009/12/10
2492,"['02', '08', '14', '20', '21', '37', '03']",2009/12/14
2493,"['03', '07', '11', '31', '34', '41', '22']",2009/12/17
2494,"['04', '08', '16', '17', '38', '42', '12']",2009/12/21
2495,"['05', '09', '11', '26', '27', '29', '02']",2009/12/24
2496,"['09', '24', '33', '36', '37', '40', '44']",2009/12/28
2497,"['07', '08', '35', '36', '39', '44', '37']",2009/12/31
2498,"['11', '16', '20', '27', '30', '41', '26']",2010/01/04
2499,"['05', '06', '22', '34', '42', '45', '35']",2010/01/07
2500,"['06', '26', '29', '30', '39', '41', '12']",2010/01/11
2501,"['03', '26', '31', '34', '36', '41', '42']",2010/01/14
2502,"['01', '16', '22', '24', '25', '36', '13']",2010/01/18
2503,"['15', '17', '20', '38', '39', '44', '06']",2010/01/21
2504,"['01', '08', '14', '17', '36', '42', '15']",2010/01/25
2505,"['06', '08', '11', '18', '21', '30', '41']",2010/01/28
2506,"['03', '05', '15', '23', '32', '42', '30']",2010/02/01
2507,"['24', '28', '29', '32', '39', '44', '12']",2010/02/04
2508,"['09', '14', '15', '27', '29', '32', '12']",2010/02/08
2509,"['01', '02', '14', '31', '42', '43', '03']",2010/02/11
2510,"['04', '24', '28', '29', '35', '42', '34']",2010/02/15
2511,"['06', '09', '29', '30', '31', '37', '26']",2010/02/18
2512,"['09', '18', '25', '37', '40', '43', '30']",2010/02/22
2513,"['04', '17', '22', '26', '34', '37', '43']",2010/02/26
2514,"['23', '25', '27', '31', '40', '42', '20']",2010/03/01
2515,"['04', '14', '23', '27', '43', '45', '24']",2010/03/04
2516,"['03', '13', '21', '22', '24', '36', '40']",2010/03/08
2517,"['06', '10', '11', '13', '15', '42', '33']",2010/03/11
2518,"['07', '28', '31', '32', '39', '42', '09']",2010/03/15
2519,"['01', '04', '06', '30', '31', '32', '08']",2010/03/18
2520,"['09', '12', '16', '23', '29', '31', '10']",2010/03/22
2521,"['10', '13', '24', '29', '33', '42', '31']",2010/03/25
2522,"['02', '18', '30', '41', '43', '44', '14']",2010/03/29
2523,"['04', '05', '06', '18', '28', '30', '21']",2010/04/01
2524,"['09', '13', '21', '31', '37', '39', '03']",2010/04/05
2525,"['05', '09', '14', '22', '24', '29', '26']",2010/04/08
2526,"['05', '10', '28', '33', '36', '39', '16']",2010/04/12
2527,"['12', '13', '23', '26', '38', '43', '25']",2010/04/15
2528,"['09', '23', '32', '38', '39', '43', '01']",2010/04/19
2529,"['09', '26', '30', '31', '35', '43', '45']",2010/04/22
2530,"['07', '14', '23', '32', '36', '44', '31']",2010/04/26
2531,"['12', '20', '23', '30', '31', '41', '38']",2010/04/29
2532,"['01', '06', '19', '25', '42', '45', '08']",2010/05/03
2533,"['04', '08', '33', '42', '44', '45', '19']",2010/05/06
2534,"['01', '12', '16', '18', '34', '36', '41']",2010/05/10
2535,"['05', '12', '23', '37', '38', '43', '41']",2010/05/14
2536,"['06', '16', '22', '23', '31', '33', '20']",2010/05/17
2537,"['08', '12', '27', '31', '36', '40', '30']",2010/05/20
2538,"['08', '19', '22', '23', '28', '33', '13']",2010/05/24
2539,"['01', '05', '11', '12', '33', '38', '20']",2010/05/27
2540,"['06', '07', '09', '12', '13', '44', '28']",2010/05/31
2541,"['18', '24', '26', '30', '32', '33', '03']",2010/06/03
2542,"['01', '08', '13', '17', '22', '33', '25']",2010/06/07
2543,"['20', '31', '35', '40', '43', '44', '17']",2010/06/10
2544,"['07', '13', '14', '15', '18', '44', '28']",2010/06/14
2545,"['13', '14', '15', '20', '38', '45', '35']",2010/06/17
2546,"['10', '14', '16', '19', '37', '41', '01']",2010/06/21
2547,"['02', '04', '13', '22', '25', '39', '01']",2010/06/24
2548,"['05', '08', '17', '27', '32', '34', '22']",2010/06/28
2549,"['14', '22', '25', '36', '43', '44', '29']",2010/07/01
2550,"['07', '10', '29', '30', '34', '41', '17']",2010/07/05
2551,"['03', '06', '09', '23', '38', '39', '14']",2010/07/08
2552,"['03', '04', '14', '18', '26', '42', '33']",2010/07/12
2553,"['10', '17', '20', '23', '25', '31', '33']",2010/07/15
2554,"['03', '04', '05', '10', '19', '35', '09']",2010/07/19
2555,"['12', '14', '16', '23', '29', '40', '21']",2010/07/23
2556,"['07', '09', '21', '28', '30', '41', '37']",2010/07/26
2557,"['06', '07', '11', '23', '42', '44', '38']",2010/07/29
2558,"['02', '04', '07', '10', '29', '43', '25']",2010/08/02
2559,"['06', '10', '12', '22', '23', '40', '25']",2010/08/05
2560,"['11', '15', '16', '36', '38', '43', '40']",2010/08/09
2561,"['05', '12', '23', '26', '29', '31', '19']",2010/08/12
2562,"['04', '12', '13', '15', '29', '43', '41']",2010/08/16
2563,"['08', '19', '30', '31', '33', '43', '32']",2010/08/19
2564,"['07', '09', '29', '37', '40', '43', '11']",2010/08/23
2565,"['03', '28', '32', '34', '43', '45', '37']",2010/08/26
2566,"['12', '16', '21', '29', '34', '40', '38']",2010/08/30
2567,"['07', '12', '17', '18', '25', '27', '01']",2010/09/02
2568,"['07', '12', '13', '22', '28', '29', '16']",2010/09/06
2569,"['02', '18', '21', '22', '32', '40', '34']",2010/09/09
2570,"['03', '06', '15', '25', '28', '43', '44']",2010/09/13
2571,"['01', '03', '17', '24', '29', '45', '08']",2010/09/16
2572,"['10', '23', '28', '34', '38', '42', '32']",2010/09/20
2573,"['01', '03', '11', '13', '19', '37', '29']",2010/09/23
2574,"['01', '16', '32', '34', '35', '42', '22']",2010/09/27
2575,"['08', '16', '17', '25', '26', '43', '45']",2010/09/30
2576,"['07', '10', '13', '16', '18', '19', '35']",2010/10/04
2577,"['09', '17', '22', '23', '35', '41', '44']",2010/10/07
2578,"['02', '05', '18', '23', '24', '36', '17']",2010/10/11
2579,"['08', '14', '25', '31', '40', '41', '29']",2010/10/14
2580,"['03', '09', '11', '28', '36', '42', '10']",2010/10/18
2581,"['07', '15', '17', '18', '25', '27', '02']",2010/10/21
2582,"['02', '07', '09', '18', '31', '45', '04']",2010/10/25
2583,"['02', '13', '22', '32', '33', '38', '01']",2010/10/28
2584,"['18', '19', '21', '27', '30', '34', '37']",2010/11/01
2585,"['06', '09', '11', '17', '41', '43', '27']",2010/11/04
2586,"['13', '17', '18', '20', '34', '39', '14']",2010/11/08
2587,"['10', '20', '27', '34', '39', '45', '25']",2010/11/11
2588,"['03', '08', '29', '32', '35', '39', '24']",2010/11/15
2589,"['03', '07', '10', '31', '36', '43', '25']",2010/11/18
2590,"['08', '12', '13', '21', '27', '38', '45']",2010/11/22
2591,"['09', '11', '14', '23', '33', '35', '15']",2010/11/25
2592,"['11', '13', '17', '23', '39', '40', '04']",2010/11/29
2593,"['04', '07', '24', '25', '35', '36', '13']",2010/12/02
2594,"['01', '06', '11', '20', '24', '34', '02']",2010/12/06
2595,"['11', '26', '30', '32', '41', '43', '40']",2010/12/09
2596,"['06', '12', '17', '27', '34', '43', '09']",2010/12/13
2597,"['06', '30', '35', '36', '41', '45', '26']",2010/12/16
2598,"['06', '13', '20', '30', '31', '32', '05']",2010/12/20
2599,"['10', '11', '15', '21', '39', '44', '38']",2010/12/23
2600,"['04', '07', '09', '11', '14', '20', '16']",2010/12/27
2601,"['06', '10', '15', '21', '22', '32', '30']",2010/12/30
2602,"['05', '06', '18', '21', '23', '30', '37']",2011/01/03
2603,"['09', '12', '25', '30', '31', '34', '27']",2011/01/06
2604,"['04', '09', '20', '27', '28', '29', '16']",2011/01/10
2605,"['06', '07', '23', '34', '36', '41', '10']",2011/01/13
2606,"['17', '22', '32', '36', '41', '45', '04']",2011/01/17
2607,"['11', '14', '15', '23', '24', '28', '02']",2011/01/20
2608,"['09', '15', '23', '28', '32', '40', '41']",2011/01/24
2609,"['05', '17', '18', '20', '24', '38', '07']",2011/01/28
2610,"['06', '09', '19', '22', '39', '43', '27']",2011/01/31
2611,"['02', '04', '13', '24', '26', '39', '14']",2011/02/03
2612,"['03', '04', '12', '24', '26', '44', '01']",2011/02/07
2613,"['06', '09', '18', '26', '37', '38', '08']",2011/02/10
2614,"['01', '13', '16', '30', '38', '39', '24']",2011/02/14
2615,"['18', '20', '27', '34', '35', '41', '01']",2011/02/18
2616,"['06', '07', '16', '20', '28', '30', '26']",2011/02/21
2617,"['07', '10', '13', '17', '36', '45', '16']",2011/02/24
2618,"['08', '09', '11', '30', '41', '43', '36']",2011/02/28
2619,"['01', '06', '10', '31', '32', '45', '43']",2011/03/03
2620,"['17', '19', '28', '16', '36', '41', '08']",2011/03/07
2621,"['08', '19', '22', '24', '39', '40', '02']",2011/03/10
2622,"['22', '23', '24', '32', '35', '38', '02']",2011/03/14
2623,"['02', '05', '22', '29', '33', '36', '04']",2011/03/17
2624,"['07', '29', '31', '32', '38', '45', '03']",2011/03/21
2625,"['07', '17', '23', '24', '26', '28', '18']",2011/03/24
2626,"['11', '16', '23', '29', '30', '35', '40']",2011/03/28
2627,"['03', '09', '13', '14', '27', '34', '07']",2011/03/31
2628,"['03', '04', '09', '22', '35', '45', '44']",2011/04/04
2629,"['16', '22', '23', '25', '28', '43', '37']",2011/04/07
2630,"['09', '15', '27', '28', '30', '40', '12']",2011/04/11
2631,"['06', '10', '17', '29', '33', '44', '09']",2011/04/14
2632,"['02', '07', '10', '16', '29', '32', '18']",2011/04/18
2633,"['24', '25', '32', '38', '39', '43', '02']",2011/04/21
2634,"['02', '21', '23', '25', '27', '44', '43']",2011/04/25
2635,"['12', '13', '16', '21', '28', '39', '02']",2011/04/28
2636,"['03', '12', '15', '28', '29', '41', '04']",2011/05/02
2637,"['10', '26', '29', '34', '35', '41', '22']",2011/05/05
2638,"['06', '14', '16', '19', '39', '42', '26']",2011/05/09
2639,"['07', '19', '23', '26', '29', '31', '38']",2011/05/12
2640,"['16', '18', '22', '27', '35', '36', '11']",2011/05/16
2641,"['06', '22', '23', '26', '27', '31', '03']",2011/05/19
2642,"['01', '12', '14', '21', '26', '37', '17']",2011/05/23
2643,"['02', '05', '06', '14', '40', '44', '28']",2011/05/26
2644,"['14', '17', '19', '28', '37', '44', '07']",2011/05/30
2645,"['01', '02', '03', '15', '31', '42', '10']",2011/06/02
2646,"['02', '08', '13', '21', '28', '37', '24']",2011/06/06
2647,"['08', '09', '17', '28', '29', '31', '26']",2011/06/09
2648,"['17', '18', '24', '27', '41', '43', '12']",2011/06/13
2649,"['10', '17', '29', '30', '40', '42', '26']",2011/06/16
2650,"['02', '11', '14', '22', '32', '40', '42']",2011/06/20
2651,"['03', '04', '07', '17', '21', '39', '12']",2011/06/23
2652,"['10', '13', '18', '27', '33', '44', '38']",2011/06/27
2653,"['04', '17', '30', '39', '43', '45', '19']",2011/06/30
2654,"['11', '13', '19', '33', '37', '42', '17']",2011/07/04
2655,"['35', '36', '40', '41', '43', '44', '32']",2011/07/07
2656,"['04', '09', '18', '19', '41', '44', '23']",2011/07/11
2657,"['09', '10', '17', '23', '29', '45', '15']",2011/07/14
2658,"['06', '14', '19', '20', '28', '39', '16']",2011/07/18
2659,"['11', '12', '17', '25', '27', '32', '42']",2011/07/22
2660,"['11', '20', '23', '32', '39', '42', '19']",2011/07/25
2661,"['04', '09', '16', '23', '33', '38', '39']",2011/07/28
2662,"['17', '20', '21', '22', '24', '30', '16']",2011/08/01
2663,"['01', '13', '26', '34', '42', '45', '07']",2011/08/04
2664,"['01', '06', '08', '29', '31', '36', '26']",2011/08/08
2665,"['01', '13', '22', '23', '24', '36', '12']",2011/08/11
2666,"['03', '07', '27', '30', '41', '45', '09']",2011/08/15
2667,"['03', '07', '18', '26', '29', '30', '43']",2011/08/18
2668,"['02', '25', '34', '35', '37', '43', '08']",2011/08/22
2669,"['01', '05', '07', '10', '22', '26', '15']",2011/08/25
2670,"['10', '11', '12', '16', '36', '38', '39']",2011/08/29
2671,"['03', '13', '17', '28', '44', '45', '09']",2011/09/01
2672,"['01', '06', '18', '27', '29', '44', '03']",2011/09/05
2673,"['02', '05', '14', '24', '28', '36', '18']",2011/09/09
2674,"['06', '09', '17', '20', '24', '26', '28']",2011/09/12
2675,"['07', '08', '15', '23', '27', '36', '16']",2011/09/15
2676,"['02', '09', '13', '17', '29', '44', '27']",2011/09/19
2677,"['02', '11', '21', '36', '37', '44', '24']",2011/09/22
2678,"['08', '15', '17', '21', '33', '37', '18']",2011/09/26
2679,"['07', '11', '12', '16', '34', '41', '38']",2011/09/29
2680,"['01', '18', '31', '32', '36', '43', '16']",2011/10/03
2681,"['01', '13', '19', '21', '23', '37', '10']",2011/10/06
2682,"['05', '11', '15', '19', '34', '35', '41']",2011/10/10
2683,"['16', '20', '21', '28', '32', '36', '26']",2011/10/13
2684,"['09', '23', '24', '28', '31', '33', '20']",2011/10/17
2685,"['05', '07', '21', '35', '38', '45', '24']",2011/10/20
2686,"['04', '24', '27', '37', '40', '42', '22']",2011/10/24
2687,"['12', '18', '27', '28', '32', '42', '26']",2011/10/27
2688,"['04', '07', '18', '23', '24', '35', '33']",2011/10/31
2689,"['08', '12', '24', '39', '40', '41', '23']",2011/11/03
2690,"['12', '13', '19', '20', '27', '28', '40']",2011/11/07
2691,"['11', '18', '27', '30', '34', '44', '12']",2011/11/10
2692,"['01', '04', '11', '34', '35', '43', '41']",2011/11/14
2693,"['12', '19', '23', '30', '36', '41', '10']",2011/11/17
2694,"['06', '13', '17', '26', '36', '39', '07']",2011/11/21
2695,"['13', '20', '32', '41', '43', '44', '21']",2011/11/24
2696,"['07', '19', '20', '24', '33', '36', '06']",2011/11/28
2697,"['05', '07', '27', '36', '38', '44', '15']",2011/12/01
2698,"['04', '10', '21', '22', '27', '32', '44']",2011/12/05
2699,"['03', '05', '07', '17', '41', '45', '30']",2011/12/08
2700,"['02', '10', '20', '28', '33', '35', '16']",2011/12/12
2701,"['04', '06', '15', '16', '20', '36', '35']",2011/12/15
2702,"['03', '10', '37', '38', '40', '41', '21']",2011/12/19
2703,"['07', '09', '26', '33', '39', '40', '30']",2011/12/22
2704,"['01', '03', '13', '36', '41', '42', '37']",2011/12/26
2705,"['13', '17', '21', '22', '24', '45', '26']",2011/12/29
2706,"['03', '20', '30', '36', '37', '43', '22']",2012/01/02
2707,"['05', '07', '15', '24', '27', '33', '45']",2012/01/05
2708,"['09', '12', '21', '22', '28', '43', '33']",2012/01/09
2709,"['04', '16', '18', '22', '23', '43', '25']",2012/01/12
2710,"['14', '27', '28', '29', '36', '40', '19']",2012/01/16
2711,"['07', '18', '26', '41', '43', '44', '45']",2012/01/20
2712,"['05', '15', '17', '29', '31', '33', '32']",2012/01/23
2713,"['04', '05', '15', '16', '34', '40', '14']",2012/01/26
2714,"['14', '17', '32', '33', '38', '41', '27']",2012/01/30
2715,"['03', '19', '21', '27', '33', '34', '08']",2012/02/03
2716,"['03', '04', '05', '09', '24', '29', '07']",2012/02/06
2717,"['08', '09', '12', '31', '44', '45', '23']",2012/02/09
2718,"['04', '07', '09', '17', '18', '23', '33']",2012/02/13
2719,"['12', '13', '20', '21', '24', '35', '30']",2012/02/16
2720,"['02', '17', '20', '33', '36', '37', '42']",2012/02/20
2721,"['12', '20', '25', '38', '43', '44', '15']",2012/02/23
2722,"['09', '14', '17', '32', '33', '45', '07']",2012/02/27
2723,"['11', '12', '17', '23', '30', '31', '41']",2012/03/01
2724,"['08', '13', '17', '25', '27', '29', '11']",2012/03/05
2725,"['05', '11', '38', '39', '41', '45', '01']",2012/03/08
2726,"['01', '11', '20', '25', '26', '36', '33']",2012/03/12
2727,"['02', '08', '15', '21', '27', '35', '07']",2012/03/15
2728,"['06', '08', '13', '19', '23', '29', '44']",2012/03/19
2729,"['07', '12', '21', '34', '39', '42', '14']",2012/03/22
2730,"['02', '04', '05', '15', '30', '40', '01']",2012/03/26
2731,"['01', '19', '33', '36', '37', '40', '05']",2012/03/29
2732,"['01', '18', '21', '31', '42', '44', '28']",2012/04/02
2733,"['12', '13', '17', '36', '43', '44', '41']",2012/04/05
2734,"['01', '02', '19', '24', '42', '45', '32']",2012/04/09
2735,"['22', '31', '34', '36', '38', '39', '43']",2012/04/12
2736,"['01', '11', '27', '37', '43', '44', '12']",2012/04/16
2737,"['09', '15', '18', '21', '26', '30', '39']",2012/04/19
2738,"['01', '09', '10', '15', '17', '34', '19']",2012/04/23
2739,"['04', '09', '14', '26', '30', '43', '12']",2012/04/26
2740,"['05', '15', '29', '36', '37', '45', '25']",2012/04/30
2741,"['02', '03', '09', '13', '14', '39', '08']",2012/05/03
2742,"['08', '12', '28', '29', '32', '42', '24']",2012/05/07
2743,"['08', '09', '11', '20', '22', '38', '05']",2012/05/10
2744,"['08', '14', '22', '24', '29', '41', '43']",2012/05/14
2745,"['09', '17', '18', '32', '33', '44', '04']",2012/05/18
2746,"['04', '07', '27', '34', '36', '42', '11']",2012/05/21
2747,"['13', '22', '30', '31', '34', '38', '06']",2012/05/24
2748,"['05', '08', '17', '22', '35', '43', '01']",2012/05/28
2749,"['07', '13', '15', '19', '38', '43', '14']",2012/05/31
2750,"['11', '12', '17', '20', '40', '41', '10']",2012/06/04
2751,"['05', '08', '19', '20', '23', '30', '16']",2012/06/07
2752,"['01', '03', '09', '11', '35', '38', '06']",2012/06/11
2753,"['16', '17', '25', '27', '28', '35', '45']",2012/06/14
2754,"['01', '02', '08', '09', '16', '33', '12']",2012/06/18
2755,"['06', '08', '10', '14', '18', '21', '43']",2012/06/21
2756,"['08', '18', '19', '30', '31', '38', '14']",2012/06/25
2757,"['12', '15', '16', '21', '25', '26', '08']",2012/06/28
2758,"['07', '10', '12', '29', '35', '38', '08']",2012/07/02
2759,"['29', '33', '34', '37', '42', '44', '17']",2012/07/05
2760,"['09', '16', '22', '26', '33', '45', '43']",2012/07/09
2761,"['02', '03', '19', '21', '23', '45', '25']",2012/07/12
2762,"['05', '12', '17', '18', '33', '40', '15']",2012/07/16
2763,"['04', '31', '33', '37', '39', '45', '41']",2012/07/20
2764,"['01', '04', '21', '23', '39', '44', '42']",2012/07/23
2765,"['01', '08', '22', '25', '32', '36', '34']",2012/07/26
2766,"['11', '28', '32', '37', '43', '45', '13']",2012/07/30
2767,"['04', '08', '12', '15', '23', '27', '26']",2012/08/02
2768,"['10', '15', '22', '28', '30', '40', '25']",2012/08/06
2769,"['01', '04', '06', '12', '25', '41', '16']",2012/08/09
2770,"['20', '27', '32', '40', '41', '44', '22']",2012/08/13
2771,"['04', '11', '17', '22', '26', '32', '10']",2012/08/16
2772,"['10', '20', '26', '28', '41', '44', '15']",2012/08/20
2773,"['06', '22', '24', '25', '31', '37', '29']",2012/08/23
2774,"['07', '09', '10', '19', '22', '42', '32']",2012/08/27
2775,"['07', '30', '37', '42', '44', '45', '31']",2012/08/30
2776,"['06', '23', '31', '35', '37', '39', '08']",2012/09/03
2777,"['04', '07', '09', '11', '21', '45', '27']",2012/09/06
2778,"['05', '08', '12', '27', '35', '39', '17']",2012/09/10
2779,"['03', '14', '17', '22', '31', '44', '09']",2012/09/13
2780,"['08', '21', '32', '35', '39', '43', '18']",2012/09/17
2781,"['13', '20', '22', '25', '33', '37', '41']",2012/09/20
2782,"['05', '07', '10', '34', '36', '37', '32']",2012/09/24
2783,"['09', '11', '30', '38', '39', '43', '40']",2012/09/27
2784,"['03', '07', '08', '16', '21', '24', '26']",2012/10/01
2785,"['06', '13', '30', '33', '38', '41', '43']",2012/10/04
2786,"['11', '14', '17', '18', '27', '32', '35']",2012/10/08
2787,"['05', '06', '22', '25', '27', '33', '17']",2012/10/11
2788,"['01', '17', '31', '37', '38', '45', '26']",2012/10/15
2789,"['02', '05', '22', '26', '34', '36', '06']",2012/10/18
2790,"['12', '14', '18', '23', '28', '41', '01']",2012/10/22
2791,"['09', '17', '21', '28', '37', '40', '30']",2012/10/25
2792,"['14', '15', '21', '24', '25', '36', '42']",2012/10/29
2793,"['10', '13', '15', '27', '34', '41', '31']",2012/11/01
2794,"['04', '09', '13', '17', '20', '29', '40']",2012/11/05
2795,"['03', '07', '19', '38', '41', '43', '12']",2012/11/08
2796,"['09', '14', '18', '19', '25', '33', '32']",2012/11/12
2797,"['13', '20', '21', '30', '40', '42', '29']",2012/11/15
2798,"['11', '15', '22', '30', '32', '33', '19']",2012/11/19
2799,"['01', '03', '13', '22', '24', '42', '41']",2012/11/22
2800,"['02', '12', '17', '29', '34', '39', '23']",2012/11/26
2801,"['04', '07', '09', '10', '23', '30', '42']",2012/11/29
2802,"['14', '22', '27', '31', '33', '34', '01']",2012/12/03
2803,"['03', '06', '10', '13', '23', '27', '17']",2012/12/06
2804,"['15', '19', '24', '29', '31', '42', '03']",2012/12/10
2805,"['08', '12', '15', '26', '33', '42', '02']",2012/12/13
2806,"['09', '20', '24', '26', '40', '44', '22']",2012/12/17
2807,"['18', '22', '25', '26', '42', '44', '05']",2012/12/20
2808,"['07', '10', '11', '12', '16', '42', '08']",2012/12/24
2809,"['17', '20', '22', '30', '36', '37', '16']",2012/12/27
2810,"['04', '14', '25', '34', '42', '45', '17']",2012/12/31
2811,"['19', '30', '35', '42', '44', '45', '01']",2013/01/03
2812,"['11', '12', '16', '22', '26', '38', '31']",2013/01/07
2813,"['04', '21', '26', '38', '41', '43', '16']",2013/01/10
2814,"['13', '23', '30', '36', '40', '43', '41']",2013/01/14
2815,"['07', '10', '24', '26', '27', '31', '20']",2013/01/17
2816,"['03', '04', '06', '29', '33', '35', '41']",2013/01/21
2817,"['11', '20', '24', '38', '39', '44', '17']",2013/01/24
2818,"['22', '23', '27', '29', '32', '38', '16']",2013/01/28
2819,"['03', '05', '36', '37', '42', '43', '17']",2013/01/31
2820,"['07', '09', '16', '24', '39', '40', '18']",2013/02/04
2821,"['08', '10', '11', '25', '27', '43', '02']",2013/02/08
2822,"['01', '04', '15', '18', '33', '42', '38']",2013/02/11
2823,"['06', '25', '28', '31', '38', '44', '23']",2013/02/14
2824,"['04', '08', '14', '24', '31', '35', '45']",2013/02/18
2825,"['16', '18', '23', '25', '29', '34', '26']",2013/02/22
2826,"['05', '06', '10', '21', '26', '37', '01']",2013/02/25
2827,"['01', '10', '15', '34', '38', '41', '25']",2013/02/28
2828,"['01', '11', '14', '20', '23', '36', '27']",2013/03/04
2829,"['16', '20', '22', '25', '26', '27', '18']",2013/03/07
2830,"['02', '03', '14', '15', '33', '40', '45']",2013/03/11
2831,"['08', '09', '13', '16', '22', '43', '24']",2013/03/14
2832,"['02', '06', '08', '23', '27', '39', '04']",2013/03/18
2833,"['03', '31', '35', '36', '38', '45', '29']",2013/03/21
2834,"['22', '23', '38', '41', '44', '45', '39']",2013/03/25
2835,"['24', '30', '33', '35', '37', '38', '17']",2013/03/28
2836,"['08', '10', '15', '21', '28', '40', '26']",2013/04/01
2837,"['16', '19', '22', '27', '36', '39', '12']",2013/04/04
2838,"['12', '20', '28', '31', '32', '40', '27']",2013/04/08
2839,"['02', '03', '15', '27', '41', '45', '17']",2013/04/11
2840,"['10', '26', '27', '32', '38', '42', '11']",2013/04/15
2841,"['01', '11', '13', '24', '26', '44', '05']",2013/04/18
2842,"['06', '11', '22', '31', '36', '41', '05']",2013/04/22
2843,"['03', '12', '17', '27', '28', '43', '45']",2013/04/25
2844,"['04', '15', '17', '19', '22', '23', '26']",2013/04/29
2845,"['01', '12', '20', '22', '31', '43', '27']",2013/05/02
2846,"['04', '09', '14', '19', '22', '34', '35']",2013/05/06
2847,"['02', '12', '22', '24', '31', '34', '10']",2013/05/09
2848,"['01', '05', '07', '24', '27', '45', '03']",2013/05/13
2849,"['08', '14', '22', '30', '34', '41', '01']",2013/05/17
2850,"['01', '07', '10', '23', '25', '35', '18']",2013/05/20
2851,"['07', '13', '17', '19', '20', '26', '05']",2013/05/23
2852,"['09', '13', '18', '19', '23', '28', '01']",2013/05/27
2853,"['04', '09', '26', '27', '37', '44', '12']",2013/05/30
2854,"['02', '16', '18', '19', '25', '38', '23']",2013/06/03
2855,"['11', '14', '16', '30', '32', '34', '19']",2013/06/06
2856,"['11', '13', '23', '29', '31', '38', '21']",2013/06/10
2857,"['07', '11', '25', '36', '37', '38', '35']",2013/06/13
2858,"['05', '16', '30', '32', '33', '41', '14']",2013/06/17
2859,"['04', '05', '11', '26', '37', '45', '39']",2013/06/20
2860,"['15', '17', '32', '36', '37', '42', '44']",2013/06/24
2861,"['12', '19', '21', '22', '26', '29', '39']",2013/06/27
2862,"['02', '12', '15', '28', '35', '38', '41']",2013/07/01
2863,"['07', '23', '27', '35', '41', '43', '29']",2013/07/04
2864,"['09', '14', '18', '20', '32', '34', '45']",2013/07/08
2865,"['09', '10', '14', '15', '18', '42', '31']",2013/07/11
2866,"['10', '11', '19', '22', '34', '45', '31']",2013/07/15
2867,"['06', '25', '28', '43', '44', '45', '42']",2013/07/18
2868,"['15', '19', '23', '31', '40', '45', '34']",2013/07/22
2869,"['01', '11', '25', '39', '41', '44', '02']",2013/07/25
2870,"['09', '12', '22', '23', '31', '37', '17']",2013/07/29
2871,"['09', '26', '33', '36', '38', '42', '01']",2013/08/02
2872,"['01', '11', '24', '31', '32', '36', '38']",2013/08/05
2873,"['18', '25', '27', '33', '42', '43', '23']",2013/08/08
2874,"['10', '12', '14', '28', '36', '40', '34']",2013/08/12
2875,"['06', '07', '19', '26', '31', '33', '35']",2013/08/15
2876,"['14', '19', '26', '30', '41', '45', '38']",2013/08/19
2877,"['15', '16', '30', '34', '38', '42', '01']",2013/08/22
2878,"['04', '07', '11', '22', '29', '38', '06']",2013/08/26
2879,"['07', '08', '13', '14', '28', '44', '16']",2013/08/29
2880,"['07', '21', '29', '31', '41', '45', '09']",2013/09/02
2881,"['08', '19', '20', '27', '41', '45', '21']",2013/09/05
2882,"['06', '08', '23', '28', '41', '44', '24']",2013/09/09
2883,"['02', '05', '09', '17', '31', '44', '04']",2013/09/12
2884,"['01', '11', '13', '15', '21', '22', '33']",2013/09/16
2885,"['03', '07', '09', '14', '19', '35', '20']",2013/09/19
2886,"['01', '16', '18', '21', '36', '41', '07']",2013/09/23
2887,"['06', '14', '15', '27', '31', '32', '16']",2013/09/26
2888,"['04', '12', '25', '26', '36', '40', '39']",2013/09/30
2889,"['02', '19', '21', '24', '25', '41', '29']",2013/10/03
2890,"['08', '22', '32', '36', '39', '44', '04']",2013/10/07
2891,"['12', '13', '17', '25', '34', '44', '29']",2013/10/10
2892,"['01', '06', '11', '23', '37', '44', '19']",2013/10/14
2893,"['12', '16', '28', '30', '31', '42', '36']",2013/10/17
2894,"['02', '07', '11', '19', '42', '45', '03']",2013/10/21
2895,"['01', '16', '31', '38', '39', '45', '08']",2013/10/24
2896,"['01', '11', '22', '28', '31', '32', '08']",2013/10/28
2897,"['02', '06', '10', '27', '31', '34', '20']",2013/10/31
2898,"['15', '21', '24', '34', '37', '44', '29']",2013/11/04
2899,"['04', '16', '18', '24', '28', '29', '45']",2013/11/07
2900,"['08', '13', '16', '26', '29', '42', '40']",2013/11/11
2901,"['01', '05', '09', '28', '30', '39', '16']",2013/11/14
2902,"['05', '07', '13', '19', '22', '45', '18']",2013/11/18
2903,"['08', '09', '12', '18', '22', '32', '06']",2013/11/21
2904,"['04', '17', '24', '28', '41', '42', '43']",2013/11/25
2905,"['15', '20', '21', '28', '35', '43', '39']",2013/11/28
2906,"['01', '13', '16', '22', '27', '33', '38']",2013/12/02
2907,"['15', '20', '23', '40', '42', '44', '22']",2013/12/05
2908,"['02', '08', '15', '22', '23', '25', '16']",2013/12/09
2909,"['03', '05', '23', '31', '34', '39', '17']",2013/12/12
2910,"['14', '17', '25', '27', '28', '40', '09']",2013/12/16
2911,"['08', '11', '15', '27', '32', '43', '06']",2013/12/19
2912,"['03', '05', '09', '23', '25', '31', '14']",2013/12/23
2913,"['02', '18', '20', '38', '43', '44', '28']",2013/12/26
2914,"['14', '17', '27', '28', '32', '36', '41']",2013/12/30
2915,"['10', '11', '31', '37', '39', '43', '22']",2014/01/03
2916,"['10', '17', '27', '28', '42', '45', '23']",2014/01/06
2917,"['04', '07', '08', '33', '36', '43', '09']",2014/01/09
2918,"['03', '25', '33', '36', '42', '45', '10']",2014/01/13
2919,"['26', '27', '34', '39', '41', '45', '28']",2014/01/16
2920,"['01', '12', '27', '32', '33', '36', '26']",2014/01/20
2921,"['02', '08', '11', '16', '36', '43', '19']",2014/01/24
2922,"['06', '24', '27', '29', '40', '43', '04']",2014/01/27
2923,"['05', '12', '20', '32', '37', '38', '26']",2014/01/30
2924,"['06', '14', '22', '31', '36', '44', '32']",2014/02/03
2925,"['05', '14', '22', '27', '40', '43', '04']",2014/02/06
2926,"['04', '10', '15', '17', '22', '31', '11']",2014/02/10
2927,"['04', '06', '12', '20', '29', '35', '31']",2014/02/14
2928,"['01', '04', '05', '12', '30', '45', '09']",2014/02/17
2929,"['14', '15', '20', '23', '33', '44', '34']",2014/02/20
2930,"['05', '13', '15', '16', '21', '28', '34']",2014/02/24
2931,"['13', '33', '37', '40', '41', '44', '10']",2014/02/27
2932,"['02', '04', '18', '29', '30', '44', '21']",2014/03/03
2933,"['04', '07', '08', '24', '29', '42', '26']",2014/03/06
2934,"['13', '15', '21', '29', '31', '33', '05']",2014/03/10
2935,"['03', '07', '20', '36', '39', '45', '06']",2014/03/13
2936,"['01', '08', '14', '28', '32', '38', '05']",2014/03/17
2937,"['03', '07', '11', '21', '25', '33', '39']",2014/03/20
2938,"['01', '04', '10', '16', '36', '42', '44']",2014/03/24
2939,"['05', '08', '09', '15', '16', '21', '26']",2014/03/27
2940,"['05', '10', '11', '23', '41', '43', '24']",2014/03/31
2941,"['10', '11', '17', '19', '27', '37', '24']",2014/04/03
2942,"['05', '12', '20', '25', '26', '39', '01']",2014/04/07
2943,"['14', '18', '19', '34', '35', '36', '17']",2014/04/10
2944,"['15', '18', '21', '27', '32', '45', '11']",2014/04/14
2945,"['08', '11', '16', '21', '33', '40', '05']",2014/04/17
2946,"['03', '07', '10', '21', '32', '38', '22']",2014/04/21
2947,"['05', '08', '20', '27', '39', '40', '42']",2014/04/24
2948,"['04', '06', '13', '17', '32', '35', '11']",2014/04/28
2949,"['06', '10', '11', '13', '29', '45', '23']",2014/05/01
2950,"['04', '07', '15', '27', '37', '42', '03']",2014/05/05
2951,"['01', '11', '18', '32', '34', '41', '45']",2014/05/08
2952,"['02', '03', '09', '23', '28', '43', '41']",2014/05/12
2953,"['05', '08', '21', '26', '27', '43', '15']",2014/05/15
2954,"['05', '08', '18', '31', '32', '42', '34']",2014/05/19
2955,"['01', '07', '13', '24', '28', '38', '32']",2014/05/23
2956,"['08', '10', '14', '17', '34', '37', '32']",2014/05/26
2957,"['17', '19', '38', '40', '41', '42', '28']",2014/05/29
2958,"['09', '19', '23', '35', '39', '45', '41']",2014/06/02
2959,"['11', '13', '18', '19', '20', '36', '15']",2014/06/05
2960,"['10', '12', '14', '26', '33', '40', '06']",2014/06/09
2961,"['08', '13', '29', '31', '39', '40', '21']",2014/06/12
2962,"['01', '19', '22', '31', '34', '44', '43']",2014/06/16
2963,"['04', '07', '11', '27', '39', '43', '37']",2014/06/19
2964,"['04', '29', '30', '35', '37', '38', '10']",2014/06/23
2965,"['17', '25', '29', '34', '39', '44', '38']",2014/06/26
2966,"['02', '09', '11', '12', '22', '37', '26']",2014/06/30
2967,"['08', '24', '26', '28', '40', '43', '29']",2014/07/03
2968,"['09', '21', '29', '38', '44', '45', '10']",2014/07/07
2969,"['05', '11', '16', '32', '37', '43', '15']",2014/07/10
2970,"['02', '03', '06', '19', '23', '24', '31']",2014/07/14
2971,"['06', '11', '20', '28', '35', '38', '34']",2014/07/17
2972,"['21', '22', '25', '32', '33', '36', '40']",2014/07/21
2973,"['01', '05', '16', '34', '38', '45', '13']",2014/07/24
2974,"['11', '12', '16', '22', '23', '27', '10']",2014/07/28
2975,"['03', '17', '37', '40', '41', '42', '15']",2014/08/01
2976,"['03', '07', '18', '30', '37', '44', '17']",2014/08/04
2977,"['03', '04', '08', '17', '19', '33', '09']",2014/08/07
2978,"['01', '07', '09', '24', '25', '31', '28']",2014/08/11
2979,"['15', '16', '19', '32', '34', '44', '41']",2014/08/14
2980,"['16', '18', '19', '21', '37', '39', '32']",2014/08/18
2981,"['03', '04', '16', '18', '19', '42', '13']",2014/08/21
2982,"['10', '11', '14', '20', '40', '42', '08']",2014/08/25
2983,"['13', '19', '20', '24', '39', '43', '17']",2014/08/28
2984,"['04', '09', '32', '37', '40', '44', '10']",2014/09/01
2985,"['15', '16', '17', '27', '31', '42', '30']",2014/09/04
2986,"['03', '14', '22', '30', '37', '42', '41']",2014/09/08
2987,"['02', '13', '18', '19', '33', '36', '23']",2014/09/11
2988,"['05', '06', '14', '22', '30', '39', '18']",2014/09/15
2989,"['02', '06', '10', '20', '21', '23', '42']",2014/09/18
2990,"['09', '17', '18', '27', '29', '36', '31']",2014/09/22
2991,"['12', '15', '21', '26', '29', '36', '07']",2014/09/25
2992,"['08', '13', '21', '22', '28', '37', '12']",2014/09/29
2993,"['01', '06', '26', '40', '41', '45', '10']",2014/10/02
2994,"['05', '12', '13', '25', '33', '34', '45']",2014/10/06
2995,"['11', '12', '25', '28', '34', '47', '15']",2014/10/09
2996,"['19', '28', '31', '43', '45', '48', '41']",2014/10/13
2997,"['04', '09', '31', '34', '40', '44', '35']",2014/10/16
2998,"['08', '11', '17', '21', '41', '49', '35']",2014/10/20
2999,"['05', '22', '25', '28', '33', '34', '32']",2014/10/23
3000,"['05', '20', '27', '38', '42', '44', '41']",2014/10/27
3001,"['12', '19', '26', '42', '45', '46', '23']",2014/10/30
3002,"['31', '32', '38', '39', '40', '47', '07']",2014/11/03
3003,"['02', '22', '24', '38', '46', '47', '09']",2014/11/06
3004,"['02', '16', '19', '29', '33', '42', '34']",2014/11/10
3005,"['09', '15', '17', '23', '27', '49', '03']",2014/11/13
3006,"['02', '10', '11', '15', '40', '46', '08']",2014/11/17
3007,"['02', '03', '05', '19', '25', '36', '16']",2014/11/20
3008,"['04', '06', '14', '20', '36', '43', '35']",2014/11/24
3009,"['05', '09', '18', '28', '44', '49', '24']",2014/11/27
3010,"['01', '06', '07', '23', '30', '45', '16']",2014/12/01
3011,"['10', '17', '24', '31', '37', '40', '35']",2014/12/04
3012,"['17', '21', '28', '29', '39', '47', '46']",2014/12/08
3013,"['19', '26', '33', '37', '38', '40', '12']",2014/12/11
3014,"['05', '12', '16', '22', '26', '46', '23']",2014/12/15
3015,"['09', '11', '13', '21', '27', '30', '42']",2014/12/18
3016,"['05', '10', '19', '32', '38', '44', '12']",2014/12/22
3017,"['01', '05', '15', '24', '25', '42', '46']",2014/12/25
3018,"['01', '04', '27', '42', '44', '47', '18']",2014/12/29
3019,"['01', '04', '18', '31', '48', '49', '21']",2015/01/01
3020,"['01', '22', '27', '34', '35', '37', '20']",2015/01/05
3021,"['05', '07', '09', '15', '34', '38', '21']",2015/01/08
3022,"['25', '32', '41', '43', '47', '48', '07']",2015/01/12
3023,"['02', '03', '09', '16', '33', '37', '46']",2015/01/15
3024,"['21', '24', '25', '31', '33', '36', '13']",2015/01/19
3025,"['05', '12', '26', '31', '40', '47', '25']",2015/01/22
3026,"['06', '23', '24', '30', '36', '46', '31']",2015/01/26
3027,"['06', '15', '38', '40', '45', '49', '27']",2015/01/29
3028,"['08', '18', '20', '29', '39', '41', '38']",2015/02/02
3029,"['08', '10', '25', '31', '45', '48', '02']",2015/02/05
3030,"['04', '15', '22', '31', '32', '36', '06']",2015/02/09
3031,"['12', '13', '26', '32', '42', '47', '39']",2015/02/12
3032,"['19', '22', '33', '36', '37', '46', '08']",2015/02/16
3033,"['02', '17', '22', '36', '37', '45', '23']",2015/02/19
3034,"['01', '05', '14', '18', '24', '26', '29']",2015/02/23
3035,"['02', '13', '19', '28', '41', '42', '14']",2015/02/27
3036,"['07', '12', '24', '27', '35', '44', '20']",2015/03/02
3037,"['05', '10', '11', '38', '44', '47', '20']",2015/03/05
3038,"['09', '11', '38', '39', '44', '47', '03']",2015/03/09
3039,"['14', '15', '19', '20', '36', '47', '10']",2015/03/12
3040,"['07', '10', '19', '41', '43', '45', '31']",2015/03/16
3041,"['03', '15', '26', '29', '38', '45', '49']",2015/03/19
3042,"['01', '05', '14', '23', '40', '49', '33']",2015/03/23
3043,"['05', '21', '30', '33', '39', '47', '43']",2015/03/26
3044,"['11', '12', '30', '38', '45', '47', '06']",2015/03/30
3045,"['11', '19', '22', '29', '42', '46', '02']",2015/04/02
3046,"['03', '18', '21', '42', '45', '49', '25']",2015/04/06
3047,"['06', '12', '21', '24', '25', '43', '29']",2015/04/09
3048,"['06', '13', '31', '32', '40', '43', '03']",2015/04/13
3049,"['03', '04', '18', '32', '35', '48', '06']",2015/04/16
3050,"['09', '16', '17', '25', '27', '36', '07']",2015/04/20
3051,"['01', '09', '15', '28', '42', '45', '40']",2015/04/23
3052,"['02', '14', '30', '31', '46', '47', '12']",2015/04/27
3053,"['18', '19', '28', '37', '46', '48', '04']",2015/04/30
3054,"['06', '11', '17', '22', '25', '36', '42']",2015/05/04
3055,"['08', '10', '17', '24', '32', '43', '26']",2015/05/07
3056,"['03', '06', '07', '20', '21', '23', '33']",2015/05/11
3057,"['08', '17', '19', '45', '47', '48', '14']",2015/05/14
3058,"['17', '23', '32', '33', '41', '45', '15']",2015/05/18
3059,"['06', '20', '22', '35', '36', '41', '08']",2015/05/21
3060,"['13', '17', '19', '24', '26', '43', '25']",2015/05/25
3061,"['05', '13', '20', '26', '31', '38', '06']",2015/05/28
3062,"['05', '09', '14', '29', '32', '36', '28']",2015/06/01
3063,"['03', '06', '08', '14', '18', '41', '31']",2015/06/04
3064,"['20', '31', '35', '38', '42', '49', '46']",2015/06/08
3065,"['07', '11', '13', '16', '38', '46', '41']",2015/06/11
3066,"['09', '21', '26', '27', '29', '48', '20']",2015/06/15
3067,"['05', '20', '28', '35', '39', '46', '15']",2015/06/18
3068,"['03', '18', '22', '33', '47', '49', '09']",2015/06/22
3069,"['14', '29', '36', '38', '39', '41', '20']",2015/06/25
3070,"['02', '14', '15', '26', '29', '31', '08']",2015/06/29
3071,"['07', '12', '13', '21', '30', '32', '05']",2015/07/02
3072,"['01', '06', '09', '18', '21', '35', '26']",2015/07/06
3073,"['05', '24', '33', '38', '42', '44', '49']",2015/07/09
3074,"['31', '33', '34', '35', '37', '42', '06']",2015/07/13
3075,"['02', '10', '30', '32', '42', '48', '19']",2015/07/16
3076,"['03', '17', '25', '28', '34', '46', '27']",2015/07/20
3077,"['04', '13', '18', '24', '34', '37', '48']",2015/07/23
3078,"['06', '09', '40', '42', '43', '46', '37']",2015/07/27
3079,"['02', '10', '13', '21', '25', '49', '07']",2015/07/30
3080,"['18', '21', '23', '25', '26', '41', '40']",2015/08/03
3081,"['11', '15', '20', '33', '38', '40', '08']",2015/08/06
3082,"['06', '07', '08', '12', '37', '45', '01']",2015/08/10
3083,"['08', '10', '12', '34', '38', '48', '19']",2015/08/13
3084,"['02', '06', '20', '21', '27', '36', '31']",2015/08/17
3085,"['03', '14', '19', '33', '38', '41', '22']",2015/08/20
3086,"['05', '07', '08', '23', '29', '33', '42']",2015/08/24
3087,"['13', '16', '19', '23', '25', '48', '11']",2015/08/27
3088,"['05', '08', '09', '12', '18', '48', '24']",2015/08/31
3089,"['01', '09', '10', '23', '24', '32', '05']",2015/09/03
3090,"['01', '03', '12', '15', '26', '31', '16']",2015/09/07
3091,"['27', '33', '38', '39', '41', '47', '35']",2015/09/10
3092,"['03', '13', '14', '19', '25', '31', '47']",2015/09/14
3093,"['05', '08', '20', '30', '35', '49', '12']",2015/09/17
3094,"['08', '09', '10', '19', '28', '33', '24']",2015/09/21
3095,"['08', '16', '25', '29', '31', '40', '11']",2015/09/24
3096,"['12', '32', '35', '40', '41', '47', '25']",2015/09/28
3097,"['03', '06', '15', '27', '36', '41', '49']",2015/10/01
3098,"['01', '04', '07', '20', '26', '28', '18']",2015/10/05
3099,"['06', '08', '15', '20', '25', '45', '22']",2015/10/08
3100,"['06', '11', '17', '28', '41', '48', '19']",2015/10/12
3101,"['07', '14', '23', '25', '28', '33', '31']",2015/10/15
3102,"['10', '13', '27', '36', '39', '45', '47']",2015/10/19
3103,"['05', '16', '22', '29', '48', '49', '27']",2015/10/22
3104,"['01', '05', '22', '28', '48', '49', '08']",2015/10/26
3105,"['07', '09', '18', '26', '36', '46', '43']",2015/10/29
3106,"['01', '10', '18', '27', '35', '48', '30']",2015/11/02
3107,"['02', '26', '27', '28', '37', '47', '17']",2015/11/05
3108,"['03', '17', '36', '40', '48', '49', '12']",2015/11/09
3109,"['08', '10', '11', '12', '33', '41', '01']",2015/11/12
3110,"['03', '05', '18', '41', '46', '48', '40']",2015/11/16
3111,"['01', '14', '19', '37', '40', '47', '09']",2015/11/19
3112,"['05', '31', '36', '39', '44', '46', '43']",2015/11/23
3113,"['02', '24', '34', '43', '44', '46', '28']",2015/11/26
3114,"['11', '31', '35', '37', '44', '46', '42']",2015/11/30
3115,"['17', '20', '34', '37', '43', '48', '32']",2015/12/03
3116,"['05', '24', '26', '36', '44', '49', '19']",2015/12/07
3117,"['04', '08', '11', '39', '44', '46', '29']",2015/12/10
3118,"['06', '21', '25', '29', '33', '40', '31']",2015/12/14
3119,"['02', '12', '17', '19', '20', '33', '27']",2015/12/17
3120,"['11', '14', '18', '22', '35', '43', '28']",2015/12/21
3121,"['10', '20', '21', '27', '33', '46', '37']",2015/12/24
3122,"['07', '15', '16', '17', '35', '47', '41']",2015/12/28
3123,"['09', '21', '23', '35', '38', '41', '36']",2015/12/31
3124,"['03', '09', '18', '28', '31', '46', '32']",2016/01/04
3125,"['03', '05', '06', '20', '21', '45', '33']",2016/01/07
3126,"['13', '20', '22', '29', '36', '37', '33']",2016/01/11
3127,"['01', '02', '04', '07', '28', '41', '18']",2016/01/14
3128,"['04', '11', '40', '43', '48', '49', '17']",2016/01/18
3129,"['02', '11', '23', '24', '33', '44', '28']",2016/01/21
3130,"['16', '17', '19', '35', '40', '48', '37']",2016/01/25
3131,"['04', '20', '22', '40', '41', '48', '21']",2016/01/28
3132,"['09', '10', '11', '22', '23', '32', '06']",2016/02/01
3133,"['02', '21', '26', '34', '39', '49', '03']",2016/02/04
3134,"['13', '14', '16', '21', '24', '42', '07']",2016/02/08
3135,"['07', '08', '17', '39', '46', '49', '13']",2016/02/11
3136,"['03', '05', '29', '40', '43', '49', '21']",2016/02/15
3137,"['16', '18', '20', '21', '27', '49', '23']",2016/02/19
3138,"['10', '18', '22', '37', '39', '40', '46']",2016/02/22
3139,"['07', '14', '17', '23', '35', '49', '31']",2016/02/25
3140,"['08', '11', '15', '17', '28', '47', '18']",2016/02/29
3141,"['06', '14', '24', '33', '38', '41', '25']",2016/03/03
3142,"['09', '18', '30', '33', '45', '47', '25']",2016/03/07
3143,"['25', '29', '32', '33', '34', '49', '13']",2016/03/10
3144,"['08', '10', '24', '29', '31', '33', '04']",2016/03/14
3145,"['02', '03', '20', '21', '30', '33', '12']",2016/03/17
3146,"['08', '12', '20', '39', '43', '47', '09']",2016/03/21
3147,"['04', '09', '28', '35', '38', '44', '36']",2016/03/24
3148,"['08', '09', '15', '28', '36', '39', '33']",2016/03/28
3149,"['20', '21', '22', '31', '39', '46', '32']",2016/03/31
3150,"['10', '15', '22', '28', '34', '38', '12']",2016/04/04
3151,"['01', '07', '30', '32', '38', '46', '23']",2016/04/07
3152,"['09', '13', '16', '18', '48', '49', '42']",2016/04/11
3153,"['03', '04', '19', '26', '28', '34', '30']",2016/04/14
3154,"['11', '14', '21', '28', '30', '39', '49']",2016/04/18
3155,"['13', '14', '19', '32', '33', '48', '42']",2016/04/21
3156,"['01', '03', '04', '22', '37', '41', '31']",2016/04/25
3157,"['03', '20', '26', '31', '34', '40', '30']",2016/04/28
3158,"['06', '07', '08', '09', '14', '19', '48']",2016/05/02
3159,"['09', '20', '23', '46', '48', '49', '42']",2016/05/05
3160,"['01', '12', '26', '29', '39', '49', '42']",2016/05/09
3161,"['01', '04', '23', '40', '46', '48', '34']",2016/05/12
3162,"['01', '10', '24', '26', '36', '47', '04']",2016/05/16
3163,"['02', '17', '19', '23', '32', '49', '33']",2016/05/19
3164,"['07', '12', '20', '24', '30', '31', '43']",2016/05/23
3165,"['07', '15', '19', '31', '32', '40', '47']",2016/05/26
3166,"['08', '12', '24', '33', '35', '39', '22']",2016/05/30
3167,"['01', '15', '23', '25', '33', '42', '44']",2016/06/02
3168,"['02', '07', '12', '19', '29', '36', '20']",2016/06/06
3169,"['12', '21', '27', '28', '35', '43', '47']",2016/06/09
3170,"['06', '18', '22', '24', '26', '30', '36']",2016/06/13
3171,"['05', '11', '30', '36', '44', '46', '16']",2016/06/16
3172,"['04', '06', '14', '18', '19', '35', '42']",2016/06/20
3173,"['01', '03', '05', '08', '20', '44', '22']",2016/06/23
3174,"['01', '12', '13', '14', '38', '40', '34']",2016/06/27
3175,"['11', '12', '15', '16', '21', '32', '47']",2016/06/30
3176,"['11', '18', '26', '27', '34', '46', '22']",2016/07/04
3177,"['04', '06', '13', '15', '21', '30', '49']",2016/07/07
3178,"['07', '21', '22', '30', '35', '39', '19']",2016/07/11
3179,"['02', '11', '14', '16', '31', '44', '19']",2016/07/14
3180,"['08', '11', '22', '35', '36', '46', '43']",2016/07/18
3181,"['02', '14', '18', '27', '31', '44', '26']",2016/07/21
3182,"['06', '26', '38', '40', '44', '49', '16']",2016/07/25
3183,"['04', '06', '08', '15', '29', '36', '09']",2016/07/28
3184,"['06', '14', '24', '36', '37', '39', '27']",2016/08/01
3185,"['01', '08', '29', '31', '37', '42', '23']",2016/08/04
3186,"['04', '09', '23', '26', '34', '44', '21']",2016/08/08
3187,"['13', '22', '30', '32', '45', '46', '29']",2016/08/11
3188,"['03', '16', '18', '31', '35', '38', '29']",2016/08/15
3189,"['02', '10', '11', '21', '26', '36', '18']",2016/08/18
3190,"['01', '10', '35', '36', '41', '49', '48']",2016/08/22
3191,"['05', '06', '11', '25', '35', '40', '44']",2016/08/25
3192,"['11', '19', '23', '32', '48', '49', '34']",2016/08/29
3193,"['03', '04', '12', '15', '28', '48', '08']",2016/09/01
3194,"['03', '09', '14', '21', '32', '40', '07']",2016/09/05
3195,"['04', '06', '11', '13', '26', '31', '17']",2016/09/08
3196,"['03', '10', '18', '22', '48', '49', '41']",2016/09/12
3197,"['02', '20', '21', '25', '27', '38', '28']",2016/09/15
3198,"['14', '17', '26', '31', '41', '45', '30']",2016/09/19
3199,"['08', '11', '28', '34', '40', '46', '48']",2016/09/22
3200,"['06', '09', '15', '27', '37', '48', '24']",2016/09/26
3201,"['01', '03', '04', '24', '34', '48', '29']",2016/09/29
3202,"['06', '09', '14', '27', '28', '46', '02']",2016/10/03
3203,"['06', '13', '19', '25', '26', '39', '35']",2016/10/06
3204,"['03', '18', '24', '30', '35', '49', '44']",2016/10/10
3205,"['16', '20', '31', '32', '40', '41', '13']",2016/10/13
3206,"['03', '07', '09', '27', '39', '44', '48']",2016/10/17
3207,"['05', '14', '20', '23', '36', '49', '30']",2016/10/20
3208,"['02', '15', '18', '24', '34', '35', '48']",2016/10/24
3209,"['03', '05', '08', '21', '40', '46', '30']",2016/10/27
3210,"['14', '19', '24', '32', '36', '42', '35']",2016/10/31
3211,"['01', '11', '19', '26', '35', '39', '14']",2016/11/03
3212,"['01', '13', '21', '41', '48', '49', '22']",2016/11/07
3213,"['17', '22', '26', '34', '41', '47', '42']",2016/11/10
3214,"['08', '10', '15', '31', '38', '40', '19']",2016/11/14
3215,"['01', '21', '31', '36', '39', '43', '38']",2016/11/17
3216,"['04', '21', '25', '40', '47', '48', '49']",2016/11/21
3217,"['02', '03', '17', '19', '22', '40', '20']",2016/11/24
3218,"['02', '04', '15', '24', '37', '48', '06']",2016/11/28
3219,"['03', '04', '08', '19', '24', '46', '12']",2016/12/01
3220,"['05', '09', '11', '19', '24', '37', '36']",2016/12/05
3221,"['06', '08', '11', '24', '37', '46', '23']",2016/12/08
3222,"['02', '14', '31', '36', '43', '46', '39']",2016/12/12
3223,"['04', '18', '24', '39', '46', '47', '10']",2016/12/15
3224,"['10', '11', '24', '27', '36', '49', '43']",2016/12/19
3225,"['03', '28', '37', '38', '44', '47', '46']",2016/12/22
3226,"['08', '10', '18', '25', '28', '46', '23']",2016/12/26
3227,"['02', '04', '34', '36', '42', '46', '15']",2016/12/29
3228,"['01', '18', '22', '35', '38', '49', '30']",2017/01/02
3229,"['07', '15', '20', '33', '39', '44', '43']",2017/01/05
3230,"['08', '29', '33', '34', '42', '49', '21']",2017/01/09
3231,"['03', '06', '12', '25', '40', '43', '42']",2017/01/12
3232,"['02', '07', '17', '21', '35', '42', '16']",2017/01/16
3233,"['05', '08', '16', '44', '48', '49', '32']",2017/01/19
3234,"['05', '14', '23', '28', '45', '49', '39']",2017/01/23
3235,"['08', '12', '16', '19', '22', '46', '06']",2017/01/26
3236,"['21', '22', '25', '27', '32', '39', '06']",2017/01/30
3237,"['11', '20', '21', '29', '37', '48', '23']",2017/02/02
3238,"['09', '14', '17', '25', '30', '36', '44']",2017/02/06
3239,"['02', '07', '24', '27', '29', '34', '21']",2017/02/10
3240,"['07', '10', '19', '23', '24', '33', '03']",2017/02/13
3241,"['08', '17', '31', '43', '44', '48', '46']",2017/02/16
3242,"['02', '06', '13', '17', '23', '46', '03']",2017/02/20
3243,"['07', '08', '09', '28', '41', '42', '29']",2017/02/23
3244,"['22', '25', '27', '29', '35', '49', '31']",2017/02/27
3245,"['08', '14', '20', '35', '36', '41', '38']",2017/03/02
3246,"['16', '22', '28', '36', '39', '47', '03']",2017/03/06
3247,"['02', '06', '09', '17', '26', '46', '13']",2017/03/09
3248,"['06', '28', '30', '35', '39', '42', '33']",2017/03/13
3249,"['02', '09', '15', '19', '20', '37', '29']",2017/03/16
3250,"['06', '20', '30', '41', '42', '45', '35']",2017/03/20
3251,"['05', '13', '18', '25', '28', '44', '16']",2017/03/23
3252,"['01', '27', '28', '40', '41', '44', '36']",2017/03/27
3253,"['28', '34', '38', '39', '42', '46', '24']",2017/03/30
3254,"['01', '28', '30', '32', '40', '48', '31']",2017/04/03
3255,"['10', '12', '20', '27', '43', '46', '26']",2017/04/06
3256,"['13', '19', '20', '23', '29', '31', '48']",2017/04/10
3257,"['07', '09', '16', '27', '32', '47', '36']",2017/04/13
3258,"['12', '17', '25', '28', '36', '44', '03']",2017/04/17
3259,"['02', '12', '25', '28', '37', '38', '22']",2017/04/20
3260,"['02', '08', '22', '31', '32', '35', '36']",2017/04/24
3261,"['04', '07', '15', '31', '32', '43', '37']",2017/04/27
3262,"['08', '17', '24', '29', '32', '45', '14']",2017/05/01
3263,"['04', '13', '14', '36', '41', '43', '45']",2017/05/04
3264,"['05', '21', '29', '30', '38', '45', '01']",2017/05/08
3265,"['08', '09', '12', '18', '27', '45', '13']",2017/05/11
3266,"['08', '14', '16', '23', '24', '27', '05']",2017/05/15
3267,"['04', '23', '43', '44', '46', '48', '16']",2017/05/18
3268,"['21', '24', '31', '34', '37', '44', '45']",2017/05/22
3269,"['03', '08', '11', '32', '44', '46', '12']",2017/05/25
3270,"['13', '15', '16', '27', '36', '47', '24']",2017/05/29
3271,"['09', '15', '17', '22', '44', '46', '02']",2017/06/01
3272,"['15', '21', '23', '24', '39', '40', '18']",2017/06/05
3273,"['05', '07', '22', '25', '34', '40', '01']",2017/06/08
3274,"['09', '10', '19', '21', '23', '43', '15']",2017/06/12
3275,"['20', '21', '23', '37', '39', '47', '31']",2017/06/15
3276,"['01', '23', '30', '34', '40', '42', '14']",2017/06/19
3277,"['04', '05', '12', '20', '47', '49', '25']",2017/06/22
3278,"['14', '20', '21', '23', '25', '37', '15']",2017/06/26
3279,"['02', '09', '13', '16', '29', '40', '46']",2017/06/29
3280,"['05', '07', '09', '27', '31', '34', '40']",2017/07/03
3281,"['02', '04', '07', '26', '40', '47', '35']",2017/07/06
3282,"['11', '16', '31', '35', '46', '48', '41']",2017/07/10
3283,"['24', '30', '33', '34', '47', '49', '12']",2017/07/13
3284,"['09', '11', '16', '20', '27', '46', '39']",2017/07/17
3285,"['08', '11', '35', '39', '41', '43', '13']",2017/07/20
3286,"['02', '22', '23', '32', '35', '41', '07']",2017/07/24
3287,"['14', '20', '24', '33', '37', '41', '18']",2017/07/27
3288,"['11', '13', '14', '16', '30', '43', '47']",2017/07/31
3289,"['14', '19', '22', '27', '32', '36', '40']",2017/08/03
3290,"['05', '17', '34', '40', '42', '46', '22']",2017/08/07
3291,"['01', '31', '39', '45', '46', '49', '34']",2017/08/10
3292,"['02', '08', '17', '22', '39', '46', '06']",2017/08/14
3293,"['11', '15', '29', '39', '41', '47', '25']",2017/08/17
3294,"['04', '07', '12', '18', '42', '47', '41']",2017/08/21
3295,"['11', '17', '26', '30', '32', '39', '33']",2017/08/24
3296,"['01', '21', '29', '35', '39', '46', '08']",2017/08/28
3297,"['03', '36', '39', '40', '44', '47', '14']",2017/08/31
3298,"['10', '11', '22', '36', '38', '46', '13']",2017/09/04
3299,"['13', '19', '20', '21', '32', '49', '27']",2017/09/07
3300,"['07', '14', '17', '18', '44', '48', '02']",2017/09/11
3301,"['12', '15', '29', '36', '40', '45', '16']",2017/09/14
3302,"['03', '15', '22', '24', '32', '43', '35']",2017/09/18
3303,"['09', '14', '15', '28', '35', '37', '02']",2017/09/21
3304,"['07', '18', '26', '34', '41', '48', '08']",2017/09/25
3305,"['11', '12', '26', '27', '29', '33', '10']",2017/09/28
3306,"['02', '08', '17', '18', '23', '42', '01']",2017/10/02
3307,"['09', '19', '23', '36', '40', '44', '20']",2017/10/05
3308,"['06', '14', '17', '40', '43', '49', '48']",2017/10/09
3309,"['06', '14', '17', '21', '22', '37', '15']",2017/10/12
3310,"['06', '11', '12', '34', '36', '49', '03']",2017/10/16
3311,"['02', '04', '15', '20', '26', '28', '24']",2017/10/19
3312,"['02', '09', '23', '35', '38', '48', '20']",2017/10/23
3313,"['03', '10', '25', '32', '36', '37', '06']",2017/10/26
3314,"['08', '20', '30', '43', '46', '48', '18']",2017/10/30
3315,"['07', '17', '18', '30', '32', '47', '39']",2017/11/02
3316,"['02', '08', '11', '15', '19', '32', '47']",2017/11/06
3317,"['22', '31', '33', '41', '44', '47', '24']",2017/11/09
3318,"['03', '19', '21', '35', '37', '44', '26']",2017/11/13
3319,"['11', '13', '16', '27', '34', '48', '30']",2017/11/16
3320,"['09', '11', '13', '18', '20', '34', '27']",2017/11/20
3321,"['11', '14', '41', '46', '47', '49', '48']",2017/11/23
3322,"['07', '08', '23', '30', '42', '48', '38']",2017/11/27
3323,"['17', '22', '29', '36', '38', '47', '46']",2017/11/30
3324,"['04', '05', '19', '38', '39', '40', '26']",2017/12/04
3325,"['09', '10', '25', '37', '45', '46', '40']",2017/12/07
3326,"['05', '12', '37', '39', '42', '43', '15']",2017/12/11
3327,"['01', '09', '13', '33', '41', '48', '21']",2017/12/14
3328,"['02', '06', '10', '19', '31', '35', '34']",2017/12/18
3329,"['01', '02', '26', '27', '35', '43', '23']",2017/12/21
3330,"['06', '07', '14', '17', '19', '29', '46']",2017/12/25
3331,"['01', '03', '05', '16', '27', '40', '26']",2017/12/28
3332,"['03', '09', '16', '34', '45', '46', '49']",2018/01/01
3333,"['03', '04', '13', '19', '23', '47', '05']",2018/01/05
3334,"['06', '10', '18', '36', '44', '45', '46']",2018/01/08
3335,"['22', '24', '25', '40', '45', '49', '03']",2018/01/11
3336,"['01', '02', '06', '28', '29', '49', '17']",2018/01/15
3337,"['02', '06', '12', '17', '26', '40', '44']",2018/01/18
3338,"['01', '02', '15', '29', '32', '49', '11']",2018/01/22
3339,"['01', '15', '23', '25', '34', '47', '02']",2018/01/25
3340,"['07', '14', '25', '32', '44', '48', '19']",2018/01/29
3341,"['04', '15', '20', '22', '29', '32', '08']",2018/02/01
3342,"['25', '33', '38', '40', '42', '48', '27']",2018/02/05
3343,"['08', '15', '16', '23', '40', '49', '18']",2018/02/09
3344,"['12', '14', '19', '23', '37', '41', '03']",2018/02/12
3345,"['16', '18', '30', '31', '36', '41', '01']",2018/02/15
3346,"['10', '21', '29', '34', '37', '43', '28']",2018/02/19
3347,"['04', '12', '13', '15', '35', '46', '21']",2018/02/22
3348,"['04', '09', '13', '15', '40', '44', '48']",2018/02/26
3349,"['24', '28', '31', '37', '40', '49', '29']",2018/03/02
3350,"['06', '15', '16', '30', '32', '39', '19']",2018/03/05
3351,"['02', '10', '14', '24', '28', '40', '21']",2018/03/08
3352,"['09', '12', '15', '16', '29', '44', '02']",2018/03/12
3353,"['09', '16', '23', '25', '34', '40', '47']",2018/03/15
3354,"['03', '18', '31', '39', '43', '46', '29']",2018/03/19
3355,"['05', '06', '13', '21', '27', '47', '42']",2018/03/22
3356,"['06', '13', '14', '27', '32', '36', '29']",2018/03/26
3357,"['11', '15', '17', '21', '27', '33', '10']",2018/03/29
3358,"['03', '12', '30', '39', '43', '48', '20']",2018/04/02
3359,"['03', '05', '21', '30', '32', '40', '34']",2018/04/05
3360,"['18', '36', '40', '41', '43', '49', '28']",2018/04/09
3361,"['01', '07', '15', '27', '32', '38', '45']",2018/04/12
3362,"['14', '22', '25', '27', '28', '29', '01']",2018/04/16
3363,"['18', '22', '32', '35', '36', '44', '38']",2018/04/19
3364,"['01', '30', '32', '36', '37', '41', '16']",2018/04/23
3365,"['05', '14', '17', '25', '28', '46', '39']",2018/04/26
3366,"['07', '13', '18', '21', '32', '35', '14']",2018/04/30
3367,"['14', '23', '28', '30', '32', '48', '08']",2018/05/03
3368,"['02', '07', '12', '15', '23', '44', '34']",2018/05/07
3369,"['04', '14', '35', '38', '45', '47', '13']",2018/05/10
3370,"['17', '24', '29', '45', '46', '49', '05']",2018/05/14
3371,"['07', '21', '25', '29', '35', '37', '13']",2018/05/17
3372,"['08', '10', '16', '30', '37', '44', '17']",2018/05/21
3373,"['11', '25', '26', '34', '36', '42', '16']",2018/05/24
3374,"['05', '09', '27', '28', '30', '44', '02']",2018/05/28
3375,"['11', '13', '24', '26', '47', '49', '33']",2018/05/31
3376,"['20', '22', '31', '37', '43', '45', '27']",2018/06/04
3377,"['12', '20', '29', '31', '37', '39', '42']",2018/06/07
3378,"['16', '25', '30', '37', '44', '49', '34']",2018/06/11
3379,"['04', '29', '31', '35', '42', '48', '01']",2018/06/14
3380,"['11', '15', '22', '23', '26', '43', '25']",2018/06/18
3381,"['04', '06', '15', '24', '30', '35', '46']",2018/06/21
3382,"['02', '05', '25', '38', '44', '48', '09']",2018/06/25
3383,"['02', '07', '22', '27', '40', '47', '48']",2018/06/28
3384,"['12', '13', '26', '33', '35', '38', '23']",2018/07/02
3385,"['08', '11', '28', '30', '32', '34', '39']",2018/07/05
3386,"['06', '23', '31', '38', '39', '43', '33']",2018/07/09
3387,"['04', '15', '25', '32', '40', '41', '10']",2018/07/12
3388,"['04', '08', '19', '24', '32', '47', '22']",2018/07/16
3389,"['13', '14', '23', '35', '37', '46', '45']",2018/07/19
3390,"['02', '23', '26', '28', '39', '40', '12']",2018/07/23
3391,"['01', '09', '13', '17', '28', '40', '37']",2018/07/26
3392,"['08', '10', '19', '20', '41', '43', '07']",2018/07/30
3393,"['01', '10', '15', '27', '41', '46', '35']",2018/08/02
3394,"['07', '18', '20', '27', '36', '40', '15']",2018/08/06
3395,"['13', '16', '20', '23', '39', '42', '28']",2018/08/09
3396,"['01', '03', '06', '16', '22', '36', '17']",2018/08/13
3397,"['22', '23', '25', '32', '33', '36', '20']",2018/08/16
3398,"['09', '10', '25', '38', '40', '42', '02']",2018/08/20
3399,"['02', '03', '23', '30', '39', '41', '19']",2018/08/23
3400,"['05', '06', '16', '24', '26', '29', '38']",2018/08/27
3401,"['03', '09', '27', '29', '31', '40', '46']",2018/08/30
3402,"['04', '05', '13', '18', '39', '40', '03']",2018/09/03
3403,"['02', '15', '17', '20', '23', '30', '45']",2018/09/06
3404,"['02', '06', '09', '15', '40', '43', '18']",2018/09/10
3405,"['06', '16', '17', '40', '44', '48', '34']",2018/09/13
3406,"['16', '21', '22', '24', '25', '27', '01']",2018/09/17
3407,"['05', '12', '18', '30', '32', '38', '22']",2018/09/20
3408,"['06', '08', '17', '24', '29', '47', '34']",2018/09/24
3409,"['02', '25', '29', '33', '42', '45', '20']",2018/09/27
3410,"['11', '15', '23', '24', '32', '40', '43']",2018/10/01
3411,"['05', '12', '23', '32', '37', '42', '43']",2018/10/04
3412,"['17', '18', '23', '39', '43', '49', '02']",2018/10/08
3413,"['01', '16', '18', '24', '29', '46', '35']",2018/10/11
3414,"['01', '04', '24', '32', '35', '48', '20']",2018/10/15
3415,"['05', '14', '17', '31', '46', '48', '47']",2018/10/18
3416,"['05', '22', '24', '40', '43', '48', '02']",2018/10/22
3417,"['07', '08', '13', '15', '35', '48', '30']",2018/10/25
3418,"['02', '06', '10', '20', '28', '31', '30']",2018/10/29
3419,"['06', '27', '28', '41', '44', '48', '15']",2018/11/01
3420,"['03', '08', '14', '28', '43', '49', '26']",2018/11/05
3421,"['08', '13', '16', '26', '28', '38', '46']",2018/11/08
3422,"['04', '12', '21', '34', '41', '47', '33']",2018/11/12
3423,"['21', '25', '27', '36', '39', '44', '18']",2018/11/15
3424,"['02', '09', '14', '36', '46', '48', '05']",2018/11/19
3425,"['11', '17', '20', '21', '27', '30', '33']",2018/11/22
3426,"['16', '22', '28', '31', '38', '46', '33']",2018/11/26
3427,"['04', '11', '19', '25', '40', '44', '01']",2018/11/29
3428,"['05', '06', '07', '29', '37', '38', '23']",2018/12/03
3429,"['05', '09', '16', '18', '23', '47', '19']",2018/12/06
3430,"['04', '10', '14', '26', '39', '44', '48']",2018/12/10
3431,"['03', '11', '18', '23', '38', '47', '07']",2018/12/13
3432,"['15', '16', '30', '32', '44', '48', '46']",2018/12/17
3433,"['07', '12', '15', '30', '33', '39', '48']",2018/12/20
3434,"['03', '05', '12', '17', '29', '39', '31']",2018/12/24
3435,"['09', '19', '20', '30', '35', '46', '23']",2018/12/27
3436,"['08', '13', '18', '28', '43', '49', '06']",2018/12/31
3437,"['12', '22', '26', '37', '40', '47', '33']",2019/01/03
3438,"['01', '02', '36', '39', '41', '42', '37']",2019/01/07
3439,"['01', '02', '13', '18', '41', '47', '46']",2019/01/11
3440,"['10', '13', '21', '27', '34', '40', '41']",2019/01/14
3441,"['05', '10', '22', '30', '42', '48', '13']",2019/01/17
3442,"['07', '38', '40', '45', '46', '47', '21']",2019/01/21
3443,"['03', '04', '18', '32', '41', '44', '34']",2019/01/24
3444,"['06', '11', '19', '33', '35', '38', '45']",2019/01/28
3445,"['05', '11', '16', '17', '22', '27', '10']",2019/02/01
3446,"['06', '15', '21', '30', '46', '47', '34']",2019/02/04
3447,"['05', '07', '09', '11', '35', '49', '31']",2019/02/07
3448,"['09', '10', '15', '33', '39', '40', '41']",2019/02/11
3449,"['02', '10', '12', '20', '24', '32', '31']",2019/02/14
3450,"['25', '26', '29', '31', '46', '49', '21']",2019/02/18
3451,"['05', '08', '14', '16', '34', '39', '23']",2019/02/22
3452,"['09', '12', '27', '28', '38', '44', '10']",2019/02/25
3453,"['20', '24', '27', '39', '43', '48', '08']",2019/02/28
3454,"['01', '06', '07', '16', '39', '40', '12']",2019/03/04
3455,"['01', '02', '13', '29', '41', '43', '34']",2019/03/07
3456,"['06', '23', '26', '27', '34', '49', '32']",2019/03/11
3457,"['02', '04', '17', '21', '25', '46', '44']",2019/03/14
3458,"['02', '05', '08', '17', '43', '47', '25']",2019/03/18
3459,"['02', '05', '12', '13', '15', '31', '36']",2019/03/21
3460,"['06', '13', '23', '26', '34', '37', '15']",2019/03/25
3461,"['02', '15', '20', '26', '29', '44', '43']",2019/03/28
3462,"['07', '12', '22', '30', '31', '36', '02']",2019/04/01
3463,"['04', '17', '20', '21', '33', '39', '27']",2019/04/04
3464,"['09', '19', '20', '24', '28', '49', '36']",2019/04/08
3465,"['05', '12', '13', '17', '29', '47', '04']",2019/04/11
3466,"['08', '19', '25', '34', '35', '47', '30']",2019/04/15
3467,"['06', '15', '28', '33', '45', '47', '43']",2019/04/18
3468,"['12', '13', '19', '23', '24', '44', '14']",2019/04/22
3469,"['01', '07', '14', '15', '32', '38', '39']",2019/04/25
3470,"['04', '10', '26', '31', '39', '48', '19']",2019/04/29
3471,"['10', '15', '24', '35', '42', '47', '11']",2019/05/02
3472,"['05', '06', '13', '26', '32', '41', '18']",2019/05/06
3473,"['05', '10', '11', '18', '26', '49', '04']",2019/05/09
3474,"['02', '03', '19', '21', '23', '31', '01']",2019/05/13
3475,"['05', '07', '09', '15', '38', '45', '29']",2019/05/16
3476,"['07', '18', '24', '46', '47', '48', '10']",2019/05/20
3477,"['12', '20', '22', '31', '32', '46', '38']",2019/05/23
3478,"['05', '09', '17', '21', '22', '32', '34']",2019/05/27
3479,"['04', '12', '21', '30', '31', '44', '03']",2019/05/30
3480,"['03', '04', '12', '19', '27', '30', '31']",2019/06/03
3481,"['21', '24', '28', '31', '32', '38', '04']",2019/06/06
3482,"['10', '11', '15', '17', '19', '46', '04']",2019/06/10
3483,"['01', '03', '10', '14', '22', '39', '24']",2019/06/13
3484,"['06', '20', '29', '36', '40', '43', '10']",2019/06/17
3485,"['08', '19', '25', '26', '29', '34', '07']",2019/06/20
3486,"['08', '17', '25', '32', '41', '48', '21']",2019/06/24
3487,"['01', '04', '25', '36', '41', '47', '26']",2019/06/27
3488,"['05', '07', '27', '30', '38', '48', '15']",2019/07/01
3489,"['07', '09', '21', '34', '36', '45', '27']",2019/07/04
3490,"['09', '11', '22', '23', '24', '29', '49']",2019/07/08
3491,"['06', '12', '28', '43', '45', '47', '16']",2019/07/11
3492,"['04', '15', '30', '35', '36', '43', '24']",2019/07/15
3493,"['14', '20', '25', '28', '31', '42', '09']",2019/07/18
3494,"['07', '23', '30', '34', '43', '47', '02']",2019/07/22
3495,"['04', '05', '29', '30', '31', '33', '41']",2019/07/25
3496,"['04', '10', '24', '32', '37', '44', '31']",2019/07/29
3497,"['03', '08', '22', '30', '31', '48', '42']",2019/08/01
3498,"['04', '15', '16', '20', '21', '26', '18']",2019/08/05
3499,"['01', '04', '05', '22', '27', '34', '41']",2019/08/08
3500,"['33', '34', '36', '37', '44', '49', '16']",2019/08/12
3501,"['03', '11', '27', '29', '40', '42', '01']",2019/08/15
3502,"['02', '06', '19', '20', '26', '45', '30']",2019/08/19
3503,"['01', '14', '25', '28', '29', '38', '31']",2019/08/22
3504,"['07', '18', '23', '40', '44', '48', '35']",2019/08/26
3505,"['06', '22', '33', '40', '45', '47', '49']",2019/08/29
3506,"['01', '05', '18', '20', '33', '44', '48']",2019/09/02
3507,"['17', '18', '27', '42', '47', '48', '37']",2019/09/05
3508,"['10', '19', '25', '36', '44', '49', '27']",2019/09/09
3509,"['07', '10', '30', '33', '44', '45', '46']",2019/09/12
3510,"['09', '17', '29', '32', '36', '40', '30']",2019/09/16
3511,"['14', '22', '24', '31', '45', '47', '29']",2019/09/19
3512,"['09', '10', '25', '29', '41', '44', '43']",2019/09/23
3513,"['09', '19', '30', '34', '35', '46', '49']",2019/09/26
3514,"['10', '13', '16', '38', '42', '47', '11']",2019/09/30
3515,"['01', '12', '24', '45', '46', '48', '29']",2019/10/03
3516,"['12', '13', '26', '36', '41', '46', '05']",2019/10/07
3517,"['04', '18', '26', '32', '34', '45', '33']",2019/10/10
3518,"['04', '05', '14', '25', '26', '45', '29']",2019/10/14
3519,"['02', '35', '37', '42', '43', '47', '44']",2019/10/17
3520,"['05', '13', '28', '38', '47', '48', '40']",2019/10/21
3521,"['14', '24', '25', '29', '43', '44', '07']",2019/10/24
3522,"['05', '19', '20', '27', '34', '36', '24']",2019/10/28
3523,"['13', '30', '33', '36', '44', '47', '14']",2019/10/31
3524,"['03', '08', '09', '38', '41', '44', '34']",2019/11/04
3525,"['05', '26', '28', '30', '34', '46', '42']",2019/11/07
3526,"['03', '20', '29', '30', '39', '41', '06']",2019/11/11
3527,"['02', '09', '16', '21', '36', '49', '31']",2019/11/14
3528,"['01', '16', '17', '20', '21', '30', '29']",2019/11/18
3529,"['01', '04', '16', '18', '30', '32', '37']",2019/11/21
3530,"['03', '06', '16', '35', '38', '46', '23']",2019/11/25
3531,"['06', '30', '34', '45', '46', '48', '32']",2019/11/28
3532,"['01', '14', '15', '25', '34', '35', '36']",2019/12/02
3533,"['02', '09', '14', '26', '30', '47', '34']",2019/12/05
3534,"['21', '22', '27', '30', '39', '44', '46']",2019/12/09
3535,"['02', '22', '29', '33', '36', '45', '20']",2019/12/12
3536,"['04', '10', '22', '23', '40', '42', '07']",2019/12/16
3537,"['19', '21', '27', '36', '40', '44', '02']",2019/12/19
3538,"['01', '15', '35', '41', '42', '43', '28']",2019/12/23
3539,"['08', '16', '20', '24', '25', '36', '13']",2019/12/26
3540,"['03', '12', '13', '35', '36', '40', '33']",2019/12/30
3541,"['13', '15', '21', '23', '30', '35', '25']",2020/01/03
3542,"['02', '07', '11', '15', '26', '47', '33']",2020/01/06
3543,"['12', '24', '34', '38', '46', '47', '28']",2020/01/09
3544,"['02', '03', '04', '13', '16', '33', '14']",2020/01/13
3545,"['01', '11', '24', '28', '45', '48', '23']",2020/01/17
3546,"['11', '18', '20', '22', '27', '37', '39']",2020/01/20
3547,"['09', '14', '36', '38', '40', '47', '30']",2020/01/23
3548,"['03', '32', '38', '43', '46', '48', '34']",2020/01/27
3549,"['07', '20', '29', '41', '47', '49', '28']",2020/01/30
3550,"['06', '09', '23', '34', '42', '49', '22']",2020/02/03
3551,"['10', '15', '16', '21', '24', '49', '02']",2020/02/07
3552,"['08', '12', '15', '17', '32', '46', '20']",2020/02/10
3553,"['05', '07', '19', '23', '44', '48', '45']",2020/02/13
3554,"['17', '19', '23', '30', '42', '45', '13']",2020/02/17
3555,"['07', '19', '26', '31', '34', '40', '06']",2020/02/20
3556,"['11', '24', '26', '29', '42', '47', '25']",2020/02/24
3557,"['10', '32', '35', '36', '46', '49', '40']",2020/02/27
3558,"['11', '37', '39', '41', '42', '46', '43']",2020/03/02
3559,"['12', '14', '30', '37', '38', '40', '42']",2020/03/05
3560,"['04', '11', '14', '22', '29', '47', '06']",2020/03/09
3561,"['01', '03', '18', '34', '36', '49', '16']",2020/03/12
3562,"['02', '15', '19', '40', '47', '48', '27']",2020/03/16
3563,"['08', '19', '27', '33', '37', '47', '18']",2020/03/19
3564,"['10', '30', '35', '39', '42', '49', '18']",2020/03/23
3565,"['07', '12', '13', '19', '42', '46', '29']",2020/03/26
3566,"['01', '07', '17', '29', '30', '43', '31']",2020/03/30
3567,"['04', '11', '14', '23', '28', '47', '24']",2020/04/02
3568,"['23', '37', '42', '43', '47', '49', '34']",2020/06/25
3569,"['03', '09', '17', '38', '39', '41', '13']",2020/06/29
3570,"['03', '20', '36', '38', '43', '48', '16']",2020/07/02
3571,"['01', '22', '26', '38', '39', '48', '40']",2020/07/06
3572,"['08', '10', '12', '16', '21', '48', '41']",2020/07/09
3573,"['06', '22', '34', '35', '37', '43', '33']",2020/07/13
3574,"['05', '18', '27', '28', '29', '37', '21']",2020/07/16
3575,"['01', '20', '23', '24', '40', '42', '48']",2020/07/20
3576,"['04', '12', '13', '20', '35', '36', '18']",2020/07/23
3577,"['04', '19', '25', '31', '34', '37', '32']",2020/07/27
3578,"['18', '24', '34', '38', '43', '48', '08']",2020/07/30
3579,"['01', '03', '10', '15', '32', '40', '07']",2020/08/03
3580,"['10', '28', '35', '39', '41', '43', '44']",2020/08/06
3581,"['09', '19', '20', '29', '36', '43', '38']",2020/08/10
3582,"['05', '09', '29', '41', '42', '43', '28']",2020/08/13
3583,"['01', '02', '15', '30', '35', '46', '38']",2020/08/17
3584,"['06', '15', '19', '26', '30', '48', '41']",2020/08/20
3585,"['01', '19', '24', '26', '37', '41', '22']",2020/08/24
3586,"['02', '10', '13', '32', '41', '43', '24']",2020/08/27
3587,"['12', '15', '16', '23', '25', '46', '47']",2020/08/31
3588,"['04', '16', '27', '32', '44', '47', '09']",2020/09/03
3589,"['09', '11', '19', '22', '36', '45', '23']",2020/09/07
3590,"['15', '21', '27', '36', '39', '43', '45']",2020/09/10
3591,"['02', '11', '13', '15', '28', '45', '36']",2020/09/14
3592,"['01', '03', '09', '19', '36', '39', '05']",2020/09/17
3593,"['13', '16', '17', '20', '27', '38', '26']",2020/09/21
3594,"['04', '31', '36', '40', '45', '48', '26']",2020/09/24
3595,"['05', '16', '27', '34', '41', '42', '49']",2020/09/28
3596,"['07', '10', '11', '21', '26', '48', '13']",2020/10/01
3597,"['07', '10', '14', '15', '39', '44', '01']",2020/10/05
3598,"['02', '03', '07', '12', '21', '34', '41']",2020/10/08
3599,"['01', '10', '14', '40', '41', '48', '30']",2020/10/12
3600,"['14', '27', '28', '31', '46', '48', '07']",2020/10/15
3601,"['09', '10', '11', '13', '20', '25', '15']",2020/10/19
3602,"['11', '25', '28', '30', '34', '36', '24']",2020/10/22
3603,"['02', '08', '11', '19', '41', '49', '27']",2020/10/26
3604,"['10', '12', '27', '37', '39', '46', '13']",2020/10/29
3605,"['03', '36', '37', '44', '48', '49', '35']",2020/11/02
3606,"['03', '19', '25', '33', '40', '44', '37']",2020/11/05
3607,"['08', '12', '13', '30', '37', '46', '36']",2020/11/09
3608,"['09', '11', '14', '22', '26', '35', '20']",2020/11/12
3609,"['01', '02', '20', '27', '36', '44', '17']",2020/11/16
3610,"['03', '12', '22', '23', '34', '42', '49']",2020/11/19
3611,"['01', '07', '11', '22', '30', '45', '48']",2020/11/23
3612,"['02', '05', '08', '27', '35', '48', '29']",2020/11/26
3613,"['02', '03', '25', '33', '35', '49', '10']",2020/11/30
3614,"['01', '07', '08', '11', '36', '40', '31']",2020/12/03
3615,"['07', '13', '14', '33', '37', '48', '24']",2020/12/07
3616,"['10', '17', '22', '23', '27', '33', '34']",2020/12/10
3617,"['06', '21', '29', '45', '47', '48', '15']",2020/12/14
3618,"['05', '08', '27', '33', '35', '41', '30']",2020/12/17
3619,"['04', '08', '15', '31', '36', '39', '47']",2020/12/21
3620,"['05', '11', '19', '21', '22', '37', '26']",2020/12/24
3621,"['32', '34', '40', '45', '46', '47', '25']",2020/12/28
3622,"['05', '08', '13', '16', '35', '47', '02']",2021/01/01
3623,"['04', '05', '08', '12', '27', '42', '14']",2021/01/04
3624,"['01', '07', '09', '12', '32', '36', '17']",2021/01/07
3625,"['03', '05', '08', '19', '26', '47', '41']",2021/01/11
3626,"['12', '21', '23', '25', '32', '44', '42']",2021/01/14
3627,"['02', '12', '23', '33', '35', '37', '43']",2021/01/18
3628,"['08', '11', '15', '17', '19', '35', '45']",2021/01/21
3629,"['08', '09', '12', '17', '33', '39', '48']",2021/01/25
3630,"['06', '16', '25', '32', '35', '37', '22']",2021/01/28
3631,"['04', '06', '09', '18', '27', '39', '33']",2021/02/01
3632,"['08', '09', '11', '24', '26', '47', '34']",2021/02/05
3633,"['09', '10', '25', '27', '34', '42', '29']",2021/02/08
3634,"['10', '23', '25', '28', '46', '49', '36']",2021/02/11
3635,"['09', '13', '18', '20', '34', '40', '36']",2021/02/15
3636,"['01', '04', '06', '15', '40', '44', '37']",2021/02/18
3637,"['03', '06', '08', '11', '36', '48', '01']",2021/02/22
3638,"['21', '24', '40', '42', '44', '48', '01']",2021/02/26
3639,"['05', '06', '07', '13', '25', '37', '30']",2021/03/01
3640,"['11', '12', '20', '28', '30', '38', '27']",2021/03/04
3641,"['08', '13', '17', '27', '33', '40', '38']",2021/03/08
3642,"['12', '19', '26', '41', '46', '47', '35']",2021/03/11
3643,"['12', '15', '19', '28', '35', '43', '44']",2021/03/15
3644,"['02', '05', '12', '24', '25', '29', '03']",2021/03/18
3645,"['02', '12', '20', '35', '37', '44', '17']",2021/03/22
3646,"['04', '16', '17', '20', '22', '44', '38']",2021/03/25
3647,"['14', '15', '20', '23', '30', '35', '39']",2021/03/29
3648,"['10', '11', '15', '21', '29', '44', '26']",2021/04/01
3649,"['09', '11', '15', '17', '25', '40', '05']",2021/04/05
3650,"['07', '08', '09', '14', '28', '35', '04']",2021/04/08
3651,"['04', '23', '27', '43', '48', '49', '47']",2021/04/12
3652,"['10', '14', '23', '25', '35', '46', '39']",2021/04/15
3653,"['08', '10', '16', '17', '20', '43', '32']",2021/04/19
3654,"['03', '17', '22', '32', '38', '48', '41']",2021/04/22
3655,"['02', '15', '18', '36', '42', '49', '26']",2021/04/26
3656,"['02', '19', '22', '29', '36', '43', '05']",2021/04/29
3657,"['15', '17', '18', '35', '41', '42', '03']",2021/05/03
3658,"['04', '06', '12', '20', '31', '35', '47']",2021/05/06
3659,"['06', '18', '32', '33', '34', '45', '08']",2021/05/10
3660,"['02', '04', '05', '16', '39', '47', '24']",2021/05/13
3661,"['05', '06', '11', '36', '41', '46', '08']",2021/05/17
3662,"['07', '12', '18', '29', '32', '37', '44']",2021/05/20
3663,"['11', '18', '23', '31', '32', '33', '49']",2021/05/24
3664,"['03', '07', '09', '24', '36', '38', '43']",2021/05/27
3665,"['14', '15', '18', '19', '30', '44', '06']",2021/05/31
3666,"['01', '07', '21', '26', '30', '39', '40']",2021/06/03
3667,"['07', '14', '23', '31', '39', '41', '33']",2021/06/07
3668,"['01', '09', '15', '22', '24', '42', '10']",2021/06/10
3669,"['05', '16', '23', '24', '28', '45', '40']",2021/06/14
3670,"['05', '12', '15', '30', '38', '43', '33']",2021/06/17
3671,"['07', '08', '10', '14', '17', '28', '45']",2021/06/21
3672,"['01', '12', '17', '21', '24', '44', '23']",2021/06/24
3673,"['14', '31', '32', '33', '38', '47', '45']",2021/06/28
3674,"['04', '05', '09', '17', '31', '34', '08']",2021/07/01
3675,"['08', '14', '20', '28', '29', '36', '18']",2021/07/05
3676,"['07', '09', '15', '20', '23', '40', '02']",2021/07/08
3677,"['18', '19', '23', '24', '38', '45', '27']",2021/07/12
3678,"['03', '05', '09', '14', '23', '26', '20']",2021/07/15
3679,"['04', '10', '21', '33', '42', '44', '19']",2021/07/19
3680,"['01', '21', '26', '38', '44', '45', '17']",2021/07/22
3681,"['03', '08', '30', '34', '39', '46', '44']",2021/07/26
3682,"['01', '07', '22', '33', '40', '48', '10']",2021/07/29
3683,"['12', '16', '23', '26', '33', '44', '10']",2021/08/02
3684,"['03', '17', '19', '23', '32', '38', '07']",2021/08/05
3685,"['15', '24', '33', '34', '36', '40', '18']",2021/08/09
3686,"['02', '20', '25', '29', '32', '49', '36']",2021/08/12
3687,"['10', '21', '28', '31', '37', '38', '06']",2021/08/16
3688,"['01', '03', '09', '39', '40', '47', '29']",2021/08/19
3689,"['05', '17', '26', '27', '31', '48', '04']",2021/08/23
3690,"['05', '18', '24', '37', '38', '49', '35']",2021/08/26
3691,"['19', '23', '24', '27', '36', '37', '17']",2021/08/30
3692,"['03', '04', '06', '10', '19', '42', '34']",2021/09/02
3693,"['01', '15', '31', '32', '33', '44', '20']",2021/09/06
3694,"['05', '19', '30', '33', '37', '42', '38']",2021/09/09
3695,"['06', '25', '26', '41', '42', '44', '37']",2021/09/13
3696,"['09', '10', '15', '30', '38', '48', '02']",2021/09/16
3697,"['03', '06', '10', '16', '33', '49', '01']",2021/09/20
3698,"['09', '35', '41', '42', '43', '44', '29']",2021/09/23
3699,"['20', '28', '33', '38', '40', '44', '49']",2021/09/27
3700,"['05', '08', '14', '26', '30', '44', '47']",2021/09/30
3701,"['10', '14', '28', '30', '35', '40', '06']",2021/10/04
3702,"['01', '27', '28', '39', '40', '49', '33']",2021/10/07
3703,"['10', '26', '27', '36', '37', '43', '42']",2021/10/11
3704,"['10', '15', '16', '24', '45', '47', '19']",2021/10/14
3705,"['05', '23', '24', '27', '44', '49', '26']",2021/10/18
3706,"['07', '22', '23', '25', '42', '43', '18']",2021/10/21
3707,"['04', '18', '24', '40', '43', '47', '48']",2021/10/25
3708,"['03', '20', '27', '34', '35', '46', '37']",2021/10/28
3709,"['07', '15', '22', '24', '26', '37', '09']",2021/11/01
3710,"['07', '18', '22', '36', '44', '45', '30']",2021/11/04
3711,"['07', '08', '20', '31', '35', '41', '03']",2021/11/08
3712,"['05', '07', '12', '35', '48', '49', '02']",2021/11/11
3713,"['23', '27', '31', '34', '43', '48', '01']",2021/11/15
3714,"['01', '10', '39', '43', '45', '48', '14']",2021/11/18
3715,"['01', '03', '16', '20', '35', '41', '05']",2021/11/22
3716,"['06', '20', '27', '32', '40', '44', '04']",2021/11/25
3717,"['01', '07', '12', '26', '28', '32', '21']",2021/11/29
3718,"['06', '12', '22', '23', '40', '49', '25']",2021/12/02
3719,"['07', '16', '33', '37', '42', '43', '48']",2021/12/06
3720,"['01', '17', '30', '31', '42', '43', '46']",2021/12/09
3721,"['05', '18', '19', '23', '40', '49', '20']",2021/12/13
3722,"['06', '26', '27', '37', '40', '43', '49']",2021/12/16
3723,"['04', '05', '16', '18', '24', '34', '27']",2021/12/20
3724,"['01', '21', '35', '39', '44', '45', '42']",2021/12/23
3725,"['03', '09', '13', '23', '24', '44', '07']",2021/12/27
3726,"['04', '07', '12', '13', '21', '35', '29']",2021/12/30
3727,"['06', '12', '20', '33', '46', '47', '49']",2022/01/03
3728,"['03', '08', '11', '20', '44', '49', '32']",2022/01/07
3729,"['08', '11', '17', '21', '30', '44', '48']",2022/01/10
3730,"['03', '06', '18', '20', '26', '35', '34']",2022/01/13
3731,"['04', '13', '26', '31', '33', '35', '29']",2022/01/17
3732,"['02', '04', '11', '13', '28', '38', '49']",2022/01/21
3733,"['01', '08', '10', '31', '32', '38', '39']",2022/01/24
3734,"['07', '21', '27', '30', '32', '34', '39']",2022/01/27
3735,"['05', '06', '10', '22', '23', '40', '38']",2022/01/31
3736,"['15', '28', '31', '32', '44', '49', '18']",2022/02/03
3737,"['01', '11', '17', '28', '32', '35', '44']",2022/02/07
3738,"['09', '13', '14', '16', '18', '28', '10']",2022/02/11
3739,"['10', '23', '29', '33', '37', '43', '08']",2022/02/14
3740,"['01', '04', '19', '35', '37', '45', '49']",2022/02/17
3741,"['01', '19', '22', '27', '37', '44', '25']",2022/02/21
3742,"['04', '11', '15', '25', '41', '48', '14']",2022/02/24
3743,"['01', '09', '20', '27', '37', '49', '33']",2022/02/28
3744,"['08', '13', '24', '30', '40', '44', '45']",2022/03/03
3745,"['19', '22', '24', '28', '29', '42', '40']",2022/03/07
3746,"['01', '08', '25', '32', '45', '46', '44']",2022/03/10
3747,"['19', '37', '38', '45', '47', '49', '25']",2022/03/14
3748,"['05', '07', '30', '42', '47', '49', '17']",2022/03/17
3749,"['01', '20', '22', '23', '24', '31', '02']",2022/03/21
3750,"['03', '12', '15', '22', '34', '45', '02']",2022/03/24
3751,"['05', '09', '10', '12', '39', '44', '14']",2022/03/28
3752,"['01', '04', '10', '22', '24', '45', '47']",2022/03/31
3753,"['14', '15', '28', '31', '40', '42', '44']",2022/04/04
3754,"['01', '07', '10', '28', '31', '44', '09']",2022/04/07
3755,"['02', '12', '18', '27', '36', '49', '06']",2022/04/11
3756,"['04', '06', '23', '26', '29', '30', '36']",2022/04/14
3757,"['12', '20', '33', '39', '42', '48', '49']",2022/04/18
3758,"['13', '16', '19', '32', '38', '43', '20']",2022/04/21
3759,"['06', '16', '26', '32', '39', '47', '23']",2022/04/25
3760,"['05', '06', '11', '16', '22', '37', '44']",2022/04/28
3761,"['12', '14', '23', '32', '35', '38', '13']",2022/05/02
3762,"['07', '13', '35', '39', '41', '45', '01']",2022/05/05
3763,"['05', '12', '15', '21', '30', '39', '06']",2022/05/09
3764,"['15', '20', '36', '38', '41', '46', '10']",2022/05/12
3765,"['21', '22', '40', '41', '42', '46', '09']",2022/05/16
3766,"['05', '08', '13', '20', '21', '46', '31']",2022/05/19
3767,"['07', '10', '16', '21', '27', '35', '22']",2022/05/23
3768,"['06', '11', '30', '34', '43', '45', '02']",2022/05/26
3769,"['08', '13', '19', '34', '37', '47', '29']",2022/05/30
3770,"['12', '19', '26', '28', '46', '49', '41']",2022/06/02
3771,"['12', '28', '29', '34', '41', '47', '16']",2022/06/06
3772,"['07', '14', '15', '16', '17', '38', '44']",2022/06/09
3773,"['03', '05', '12', '16', '30', '45', '49']",2022/06/13
3774,"['02', '07', '16', '18', '24', '45', '36']",2022/06/16
3775,"['20', '25', '28', '33', '40', '49', '01']",2022/06/20
3776,"['24', '27', '32', '38', '46', '49', '11']",2022/06/23
3777,"['21', '24', '27', '32', '34', '38', '41']",2022/06/27
3778,"['02', '15', '17', '27', '41', '48', '38']",2022/06/30
3779,"['02', '03', '09', '27', '28', '38', '15']",2022/07/04
3780,"['16', '17', '20', '33', '39', '49', '07']",2022/07/07
3781,"['01', '06', '13', '25', '34', '43', '42']",2022/07/11
3782,"['08', '10', '15', '36', '39', '44', '09']",2022/07/14
3783,"['03', '20', '36', '41', '43', '47', '09']",2022/07/18
3784,"['04', '15', '31', '42', '43', '47', '39']",2022/07/21
3785,"['02', '06', '29', '30', '31', '44', '40']",2022/07/25
3786,"['01', '02', '25', '33', '36', '40', '07']",2022/07/28
3787,"['03', '10', '12', '29', '45', '47', '26']",2022/08/01
3788,"['14', '18', '24', '37', '43', '45', '08']",2022/08/05
3789,"['02', '09', '33', '34', '37', '49', '29']",2022/08/08
3790,"['10', '12', '16', '18', '32', '44', '22']",2022/08/11
3791,"['07', '22', '29', '34', '38', '41', '35']",2022/08/15
3792,"['02', '04', '12', '18', '28', '43', '38']",2022/08/18
3793,"['05', '20', '23', '36', '42', '44', '47']",2022/08/22
3794,"['03', '05', '13', '23', '24', '48', '10']",2022/08/25
3795,"['04', '08', '09', '15', '22', '31', '13']",2022/08/29
3796,"['01', '18', '28', '42', '43', '48', '45']",2022/09/01
3797,"['04', '09', '13', '18', '34', '47', '03']",2022/09/05
3798,"['01', '08', '11', '12', '22', '46', '35']",2022/09/08
3799,"['08', '15', '21', '22', '39', '43', '44']",2022/09/12
3800,"['13', '15', '27', '29', '38', '45', '40']",2022/09/15
3801,"['01', '05', '14', '23', '40', '45', '16']",2022/09/19
3802,"['03', '11', '19', '26', '43', '49', '37']",2022/09/22
3803,"['06', '19', '24', '34', '43', '46', '21']",2022/09/26
3804,"['27', '29', '31', '44', '46', '49', '42']",2022/09/29
3805,"['07', '16', '20', '29', '33', '42', '39']",2022/10/03
3806,"['10', '19', '20', '22', '26', '46', '04']",2022/10/06
3807,"['08', '10', '18', '26', '42', '47', '49']",2022/10/10
3808,"['02', '04', '08', '17', '22', '40', '06']",2022/10/13
3809,"['01', '08', '16', '24', '38', '43', '15']",2022/10/17
3810,"['02', '09', '19', '27', '33', '37', '21']",2022/10/20
3811,"['07', '11', '17', '21', '41', '43', '30']",2022/10/24
3812,"['13', '16', '25', '41', '45', '46', '20']",2022/10/27
3813,"['04', '14', '17', '25', '29', '49', '36']",2022/10/31
3814,"['13', '21', '24', '25', '26', '41', '11']",2022/11/03
3815,"['10', '14', '33', '37', '39', '45', '28']",2022/11/07
3816,"['10', '23', '28', '35', '39', '46', '06']",2022/11/10
3817,"['08', '15', '22', '26', '34', '45', '32']",2022/11/14
3818,"['01', '10', '16', '23', '38', '49', '25']",2022/11/17
3819,"['03', '09', '21', '30', '36', '46', '02']",2022/11/21
3820,"['03', '08', '11', '21', '24', '31', '25']",2022/11/24
3821,"['07', '16', '17', '28', '37', '48', '14']",2022/11/28
3822,"['03', '12', '20', '39', '40', '47', '18']",2022/12/01
3823,"['05', '06', '07', '25', '28', '35', '08']",2022/12/05
3824,"['01', '06', '21', '35', '37', '46', '33']",2022/12/08
3825,"['03', '07', '22', '27', '44', '49', '13']",2022/12/12
3826,"['04', '12', '17', '19', '24', '44', '20']",2022/12/15
3827,"['08', '14', '24', '26', '45', '46', '42']",2022/12/19
3828,"['04', '11', '13', '16', '32', '46', '09']",2022/12/22
3829,"['03', '10', '31', '32', '44', '47', '41']",2022/12/26
3830,"['12', '18', '25', '28', '30', '36', '48']",2022/12/29
3831,"['01', '13', '15', '32', '41', '47', '11']",2023/01/02
3832,"['12', '22', '30', '32', '42', '49', '08']",2023/01/06
3833,"['01', '03', '13', '15', '22', '43', '46']",2023/01/09
3834,"['02', '06', '08', '28', '31', '37', '48']",2023/01/12
3835,"['15', '22', '23', '36', '40', '42', '20']",2023/01/16
3836,"['15', '29', '35', '47', '48', '49', '10']",2023/01/20
3837,"['22', '30', '31', '39', '43', '49', '03']",2023/01/23
3838,"['02', '21', '34', '40', '43', '45', '13']",2023/01/26
3839,"['13', '23', '25', '26', '44', '45', '38']",2023/01/30
3840,"['04', '06', '21', '25', '34', '40', '48']",2023/02/03
3841,"['06', '10', '15', '19', '20', '30', '05']",2023/02/06
3842,"['18', '20', '27', '37', '43', '47', '10']",2023/02/09
3843,"['05', '12', '23', '28', '31', '39', '37']",2023/02/13
3844,"['03', '10', '16', '24', '42', '46', '25']",2023/02/16
3845,"['04', '09', '21', '22', '25', '41', '18']",2023/02/20
3846,"['02', '05', '19', '24', '34', '44', '37']",2023/02/23
3847,"['06', '26', '32', '39', '44', '48', '11']",2023/02/27
3848,"['15', '22', '24', '26', '29', '36', '28']",2023/03/02
3849,"['21', '30', '35', '36', '37', '45', '01']",2023/03/06
3850,"['01', '10', '30', '31', '38', '45', '11']",2023/03/09
3851,"['01', '03', '15', '18', '23', '48', '41']",2023/03/13
3852,"['04', '14', '30', '33', '37', '42', '22']",2023/03/16
3853,"['07', '08', '15', '27', '34', '38', '37']",2023/03/20
3854,"['14', '21', '26', '29', '37', '40', '07']",2023/03/23
3855,"['01', '04', '17', '28', '43', '45', '29']",2023/03/27
3856,"['12', '26', '34', '39', '41', '49', '16']",2023/03/30
3857,"['13', '27', '28', '42', '44', '45', '01']",2023/04/03
3858,"['06', '07', '31', '42', '46', '47', '27']",2023/04/06
3859,"['08', '10', '12', '25', '32', '38', '20']",2023/04/10
3860,"['11', '21', '30', '31', '33', '38', '24']",2023/04/13
3861,"['09', '11', '17', '22', '31', '43', '34']",2023/04/17
3862,"['11', '14', '21', '30', '37', '40', '20']",2023/04/20
3863,"['05', '06', '25', '32', '36', '49', '21']",2023/04/24
3864,"['04', '09', '30', '32', '40', '49', '16']",2023/04/27
3865,"['22', '26', '29', '30', '48', '49', '46']",2023/05/01
3866,"['16', '21', '25', '28', '37', '44', '24']",2023/05/04
3867,"['01', '03', '06', '11', '23', '34', '39']",2023/05/08
3868,"['01', '11', '26', '38', '41', '44', '06']",2023/05/11
3869,"['07', '33', '36', '40', '41', '42', '30']",2023/05/15
3870,"['07', '13', '18', '19', '25', '29', '36']",2023/05/18
3871,"['01', '04', '07', '08', '34', '44', '12']",2023/05/22
3872,"['04', '15', '17', '35', '42', '48', '45']",2023/05/25
3873,"['05', '13', '30', '34', '36', '48', '20']",2023/05/29
3874,"['07', '15', '33', '40', '45', '49', '05']",2023/06/01
3875,"['05', '16', '26', '28', '32', '34', '24']",2023/06/05
3876,"['06', '21', '31', '32', '35', '48', '19']",2023/06/08
3877,"['02', '22', '28', '33', '34', '36', '07']",2023/06/12
3878,"['06', '15', '17', '42', '46', '49', '20']",2023/06/15
3879,"['02', '25', '28', '30', '32', '46', '48']",2023/06/19
3880,"['03', '09', '28', '32', '37', '46', '07']",2023/06/22
3881,"['04', '05', '17', '28', '39', '44', '31']",2023/06/26
3882,"['05', '15', '16', '30', '37', '46', '49']",2023/06/29
3883,"['14', '30', '34', '40', '45', '49', '12']",2023/07/03
3884,"['13', '16', '28', '34', '38', '40', '47']",2023/07/06
3885,"['02', '08', '30', '33', '39', '41', '24']",2023/07/10
3886,"['04', '12', '14', '20', '21', '22', '10']",2023/07/13
3887,"['18', '25', '27', '32', '35', '39', '48']",2023/07/17
3888,"['10', '20', '26', '39', '44', '46', '03']",2023/07/20
3889,"['01', '05', '18', '20', '38', '44', '45']",2023/07/24
3890,"['08', '10', '21', '27', '34', '36', '02']",2023/07/27
3891,"['02', '23', '29', '35', '39', '45', '06']",2023/07/31
3892,"['19', '25', '27', '28', '29', '48', '34']",2023/08/04
3893,"['05', '15', '18', '31', '41', '49', '16']",2023/08/07
3894,"['03', '06', '16', '29', '37', '45', '12']",2023/08/10
3895,"['05', '22', '31', '32', '41', '49', '14']",2023/08/14
3896,"['04', '08', '32', '33', '45', '47', '12']",2023/08/17
3897,"['01', '18', '21', '28', '31', '41', '11']",2023/08/21
3898,"['01', '13', '26', '34', '37', '41', '09']",2023/08/24
3899,"['01', '03', '07', '12', '15', '32', '34']",2023/08/28
3900,"['14', '29', '31', '39', '40', '48', '47']",2023/08/31
3901,"['01', '04', '12', '33', '45', '48', '35']",2023/09/04
3902,"['17', '19', '24', '26', '31', '46', '37']",2023/09/07
3903,"['01', '20', '21', '27', '38', '48', '17']",2023/09/11
3904,"['14', '18', '24', '26', '37', '45', '28']",2023/09/14
3905,"['04', '07', '27', '32', '37', '49', '44']",2023/09/18
3906,"['02', '08', '28', '31', '48', '49', '37']",2023/09/21
3907,"['03', '14', '19', '23', '28', '43', '25']",2023/09/25
3908,"['03', '13', '23', '28', '37', '38', '09']",2023/09/28
3909,"['02', '10', '12', '13', '45', '48', '11']",2023/10/02
3910,"['04', '07', '09', '38', '41', '42', '16']",2023/10/05
3911,"['01', '05', '09', '25', '44', '49', '43']",2023/10/09
3912,"['14', '15', '26', '35', '44', '46', '43']",2023/10/12
3913,"['21', '27', '30', '38', '40', '44', '06']",2023/10/16
3914,"['01', '07', '16', '20', '35', '41', '06']",2023/10/19
3915,"['02', '03', '13', '15', '34', '37', '08']",2023/10/23
3916,"['01', '06', '17', '19', '34', '45', '48']",2023/10/26
3917,"['12', '24', '26', '32', '34', '38', '28']",2023/10/30
3918,"['03', '12', '22', '29', '35', '42', '49']",2023/11/02
3919,"['11', '20', '22', '28', '32', '37', '04']",2023/11/06
3920,"['02', '03', '11', '17', '35', '40', '45']",2023/11/09
3921,"['06', '10', '16', '24', '27', '43', '31']",2023/11/13
3922,"['10', '13', '15', '28', '29', '37', '22']",2023/11/16
3923,"['12', '13', '18', '22', '25', '28', '47']",2023/11/20
3924,"['02', '24', '30', '37', '43', '45', '35']",2023/11/23
3925,"['16', '19', '20', '26', '33', '40', '23']",2023/11/27
3926,"['03', '32', '34', '38', '41', '42', '17']",2023/11/30
3927,"['06', '18', '26', '31', '37', '38', '22']",2023/12/04
3928,"['10', '16', '25', '29', '42', '44', '48']",2023/12/07
3929,"['09', '12', '21', '22', '44', '47', '31']",2023/12/11
3930,"['22', '32', '34', '39', '40', '42', '05']",2023/12/14
3931,"['12', '15', '16', '23', '24', '38', '44']",2023/12/18
3932,"['07', '08', '24', '25', '29', '40', '18']",2023/12/21
3933,"['11', '12', '19', '23', '25', '41', '47']",2023/12/25
3934,"['13', '17', '18', '24', '37', '41', '15']",2023/12/28
3935,"['08', '16', '23', '24', '36', '48', '05']",2024/01/01
3936,"['07', '12', '17', '20', '31', '35', '22']",2024/01/05
3937,"['11', '20', '28', '30', '36', '38', '37']",2024/01/08
3938,"['02', '09', '10', '43', '45', '46', '13']",2024/01/11
3939,"['24', '25', '26', '28', '30', '35', '04']",2024/01/15
3940,"['05', '28', '30', '37', '38', '41', '43']",2024/01/18
3941,"['01', '03', '08', '13', '40', '48', '06']",2024/01/22
3942,"['10', '18', '44', '45', '48', '49', '20']",2024/01/25
3943,"['20', '22', '24', '28', '40', '49', '27']",2024/01/29
3944,"['02', '27', '29', '36', '44', '48', '12']",2024/02/02
3945,"['14', '17', '20', '25', '28', '37', '13']",2024/02/05
3946,"['06', '16', '21', '27', '31', '37', '49']",2024/02/08
3947,"['09', '16', '20', '25', '31', '39', '41']",2024/02/12
3948,"['15', '18', '22', '35', '41', '48', '05']",2024/02/15
3949,"['01', '10', '21', '29', '35', '42', '27']",2024/02/19
3950,"['18', '21', '26', '35', '38', '43', '40']",2024/02/23
3951,"['02', '08', '14', '27', '39', '42', '10']",2024/02/26
3952,"['01', '14', '28', '44', '45', '49', '16']",2024/02/29
3953,"['13', '17', '25', '27', '28', '44', '03']",2024/03/04
3954,"['05', '11', '15', '20', '31', '47', '44']",2024/03/07
3955,"['05', '09', '30', '37', '40', '49', '33']",2024/03/11
3956,"['08', '26', '34', '35', '45', '46', '36']",2024/03/14
3957,"['01', '04', '06', '15', '30', '48', '45']",2024/03/18
3958,"['06', '08', '18', '19', '33', '44', '15']",2024/03/21
3959,"['04', '23', '25', '27', '28', '32', '21']",2024/03/25
3960,"['06', '08', '13', '17', '26', '37', '18']",2024/03/28
3961,"['03', '12', '18', '19', '27', '41', '15']",2024/04/01
3962,"['03', '04', '13', '31', '36', '43', '19']",2024/04/04
3963,"['12', '23', '24', '34', '43', '46', '42']",2024/04/08
3964,"['22', '28', '33', '40', '43', '47', '16']",2024/04/11
3965,"['05', '10', '28', '36', '41', '42', '19']",2024/04/15
3966,"['18', '22', '29', '32', '37', '47', '49']",2024/04/18
3967,"['06', '08', '11', '16', '33', '37', '23']",2024/04/22
3968,"['05', '09', '11', '18', '28', '36', '35']",2024/04/25
3969,"['02', '07', '12', '31', '36', '45', '30']",2024/04/29
3970,"['04', '05', '31', '37', '43', '46', '07']",2024/05/02
3971,"['01', '05', '09', '31', '33', '37', '36']",2024/05/06
3972,"['09', '15', '20', '26', '43', '49', '36']",2024/05/09
3973,"['02', '16', '17', '22', '24', '49', '42']",2024/05/13
3974,"['02', '12', '15', '28', '35', '48', '24']",2024/05/16
3975,"['07', '10', '32', '33', '39', '48', '37']",2024/05/20
3976,"['03', '04', '22', '27', '39', '43', '06']",2024/05/23
3977,"['14', '23', '28', '34', '41', '48', '17']",2024/05/27
3978,"['06', '09', '11', '17', '28', '45', '21']",2024/05/30
3979,"['01', '28', '30', '32', '33', '39', '11']",2024/06/03
3980,"['04', '05', '10', '14', '35', '43', '12']",2024/06/06
3981,"['01', '10', '13', '23', '31', '34', '43']",2024/06/10
3982,"['04', '07', '10', '17', '30', '41', '21']",2024/06/13
3983,"['08', '10', '12', '16', '17', '30', '19']",2024/06/17
3984,"['03', '12', '14', '16', '17', '30', '27']",2024/06/20
3985,"['20', '23', '28', '30', '34', '49', '25']",2024/06/24
3986,"['01', '08', '11', '14', '17', '30', '05']",2024/06/27
3987,"['11', '19', '21', '26', '28', '33', '39']",2024/07/01
3988,"['04', '09', '12', '15', '31', '44', '33']",2024/07/04
3989,"['15', '18', '29', '34', '38', '44', '35']",2024/07/08
3990,"['15', '17', '22', '32', '34', '40', '06']",2024/07/11
3991,"['04', '06', '17', '32', '37', '41', '10']",2024/07/15
3992,"['08', '10', '11', '12', '14', '20', '38']",2024/07/18
3993,"['04', '09', '12', '15', '37', '47', '44']",2024/07/22
3994,"['14', '21', '34', '35', '43', '49', '33']",2024/07/25
3995,"['19', '24', '29', '30', '31', '46', '28']",2024/07/29
3996,"['14', '16', '22', '23', '36', '42', '21']",2024/08/02
3997,"['01', '12', '15', '30', '42', '43', '22']",2024/08/05
3998,"['23', '26', '32', '36', '41', '49', '31']",2024/08/08
3999,"['02', '08', '27', '33', '34', '43', '11']",2024/08/12
4000,"['15', '24', '35', '36', '42', '46', '48']",2024/08/15
4001,"['02', '03', '16', '26', '29', '41', '12']",2024/08/19
4002,"['02', '05', '08', '43', '45', '48', '41']",2024/08/22
4003,"['06', '08', '18', '34', '35', '37', '33']",2024/08/26
4004,"['03', '09', '10', '12', '27', '41', '29']",2024/08/29
4005,"['06', '07', '13', '30', '37', '39', '16']",2024/09/02
4006,"['01', '13', '27', '38', '40', '43', '02']",2024/09/05
4007,"['01', '04', '10', '16', '18', '29', '06']",2024/09/09
4008,"['05', '06', '14', '36', '45', '49', '12']",2024/09/12
4009,"['02', '08', '15', '19', '33', '38', '21']",2024/09/16
4010,"['07', '13', '17', '22', '31', '37', '01']",2024/09/19
4011,"['09', '20', '22', '32', '37', '47', '01']",2024/09/23
4012,"['17', '23', '26', '31', '38', '40', '14']",2024/09/26
4013,"['04', '33', '34', '38', '40', '43', '15']",2024/09/30
4014,"['02', '09', '15', '17', '40', '48', '28']",2024/10/03
4015,"['16', '22', '23', '31', '41', '49', '08']",2024/10/07
4016,"['01', '17', '24', '25', '27', '39', '30']",2024/10/10
4017,"['12', '33', '39', '42', '43', '48', '10']",2024/10/14
4018,"['02', '04', '10', '25', '36', '38', '22']",2024/10/17
4019,"['04', '13', '19', '44', '46', '49', '31']",2024/10/21
4020,"['20', '24', '28', '37', '46', '47', '36']",2024/10/24
4021,"['10', '16', '33', '37', '45', '47', '06']",2024/10/28
4022,"['02', '06', '10', '17', '18', '49', '35']",2024/10/31
4023,"['14', '18', '25', '28', '29', '44', '36']",2024/11/04
4024,"['04', '12', '17', '18', '23', '34', '28']",2024/11/07
4025,"['13', '28', '39', '43', '46', '48', '30']",2024/11/11
4026,"['12', '16', '29', '36', '39', '40', '37']",2024/11/14
4027,"['01', '02', '14', '36', '44', '46', '20']",2024/11/18
4028,"['04', '07', '11', '14', '21', '28', '36']",2024/11/21
4029,"['26', '28', '31', '38', '41', '42', '23']",2024/11/25
4030,"['01', '02', '04', '15', '18', '24', '35']",2024/11/28
4031,"['10', '11', '12', '21', '41', '49', '44']",2024/12/02
4032,"['08', '14', '15', '20', '31', '49', '13']",2024/12/05
4033,"['01', '04', '08', '10', '16', '46', '23']",2024/12/09
4034,"['17', '18', '19', '31', '32', '33', '08']",2024/12/12
4035,"['13', '19', '22', '26', '40', '49', '45']",2024/12/16
4036,"['03', '09', '10', '20', '23', '32', '42']",2024/12/19
4037,"['34', '40', '42', '44', '45', '46', '19']",2024/12/23
4038,"['08', '21', '30', '35', '44', '49', '39']",2024/12/26
4039,"['03', '10', '13', '29', '32', '46', '18']",2024/12/30
4040,"['09', '11', '24', '29', '39', '46', '31']",2025/01/03
4041,"['06', '10', '13', '27', '41', '49', '04']",2025/01/06
4042,"['13', '32', '34', '36', '38', '40', '37']",2025/01/09
4043,"['03', '07', '11', '13', '34', '35', '17']",2025/01/13
4044,"['06', '13', '18', '27', '35', '46', '48']",2025/01/16
4045,"['03', '05', '06', '16', '32', '49', '04']",2025/01/20
4046,"['09', '10', '18', '35', '43', '49', '42']",2025/01/24
4047,"['07', '16', '22', '26', '33', '43', '44']",2025/01/27
4048,"['02', '09', '13', '24', '26', '43', '49']",2025/01/30
4049,"['01', '12', '29', '31', '41', '48', '25']",2025/02/03
4050,"['16', '18', '22', '23', '28', '35', '32']",2025/02/07
4051,"['01', '03', '07', '18', '34', '39', '46']",2025/02/10
4052,"['05', '08', '13', '28', '30', '49', '17']",2025/02/13
4053,"['01', '16', '23', '39', '41', '42', '09']",2025/02/17
4054,"['03', '25', '31', '37', '39', '42', '21']",2025/02/20
4055,"['24', '37', '38', '42', '48', '49', '31']",2025/02/24
4056,"['02', '10', '13', '15', '37', '40', '28']",2025/02/27
4057,"['04', '16', '24', '25', '43', '49', '46']",2025/03/03
4058,"['19', '33', '35', '38', '46', '49', '39']",2025/03/06
4059,"['05', '07', '32', '38', '42', '47', '27']",2025/03/10
4060,"['16', '26', '34', '36', '42', '49', '41']",2025/03/13
4061,"['07', '30', '39', '42', '43', '48', '33']",2025/03/17
4062,"['09', '10', '11', '13', '23', '42', '20']",2025/03/20
4063,"['18', '19', '25', '28', '31', '44', '34']",2025/03/24
4064,"['21', '22', '27', '35', '40', '42', '03']",2025/03/27
4065,"['09', '12', '17', '23', '29', '46', '20']",2025/03/31
4066,"['12', '14', '15', '16', '21', '40', '23']",2025/04/03
4067,"['07', '19', '35', '40', '43', '47', '33']",2025/04/07
4068,"['14', '26', '27', '30', '46', '48', '10']",2025/04/10
4069,"['06', '14', '29', '30', '35', '42', '25']",2025/04/14
4070,"['15', '17', '26', '31', '40', '46', '19']",2025/04/17
4071,"['01', '17', '30', '37', '41', '43', '32']",2025/04/21
4072,"['17', '19', '21', '23', '30', '40', '33']",2025/04/24
4073,"['03', '08', '12', '18', '24', '41', '11']",2025/04/28
4074,"['02', '08', '12', '30', '35', '49', '38']",2025/05/01
4075,"['05', '08', '28', '38', '40', '43', '39']",2025/05/05
4076,"['09', '13', '17', '39', '46', '47', '22']",2025/05/08
4077,"['06', '16', '20', '23', '40', '48', '45']",2025/05/12
4078,"['09', '16', '17', '20', '34', '38', '18']",2025/05/15
4079,"['02', '15', '17', '18', '39', '45', '26']",2025/05/19
4080,"['03', '10', '32', '34', '44', '48', '29']",2025/05/22
4081,"['05', '09', '15', '28', '46', '48', '08']",2025/05/26
4082,"['01', '05', '07', '11', '19', '47', '44']",2025/05/29
4083,"['10', '19', '21', '22', '28', '31', '34']",2025/06/02
4084,"['02', '05', '25', '26', '29', '30', '42']",2025/06/05
4085,"['07', '10', '11', '21', '32', '48', '27']",2025/06/09
4086,"['03', '07', '38', '41', '44', '49', '20']",2025/06/12
4087,"['05', '18', '27', '32', '48', '49', '21']",2025/06/16
4088,"['01', '10', '37', '40', '45', '47', '19']",2025/06/19
4089,"['02', '15', '29', '37', '45', '49', '24']",2025/06/23
4090,"['10', '26', '28', '35', '37', '46', '20']",2025/06/26
4091,"['11', '27', '31', '33', '34', '36', '13']",2025/06/30
4092,"['06', '15', '16', '17', '25', '34', '31']",2025/07/03
4093,"['10', '15', '17', '33', '36', '45', '34']",2025/07/07
4094,"['12', '21', '26', '27', '35', '44', '10']",2025/07/10
4095,"['02', '08', '19', '29', '38', '41', '20']",2025/07/14
4096,"['07', '08', '17', '29', '32', '42', '01']",2025/07/17
4097,"['02', '05', '10', '12', '14', '37', '17']",2025/07/21
4098,"['09', '11', '24', '32', '39', '49', '26']",2025/07/24
4099,"['02', '14', '16', '21', '36', '47', '01']",2025/07/28
4100,"['07', '19', '20', '21', '22', '29', '37']",2025/07/31
4101,"['30', '32', '40', '43', '45', '49', '05']",2025/08/04
4102,"['02', '15', '28', '39', '42', '44', '05']",2025/08/08
4103,"['09', '24', '31', '34', '43', '44', '01']",2025/08/11
4104,"['22', '25', '29', '31', '34', '43', '11']",2025/08/14
4105,"['01', '04', '18', '24', '37', '42', '26']",2025/08/18
4106,"['04', '13', '22', '36', '38', '46', '12']",2025/08/21
4107,"['02', '03', '04', '16', '22', '39', '48']",2025/08/25
4108,"['10', '11', '16', '24', '34', '35', '01']",2025/08/28
4109,"['03', '04', '08', '13', '14', '17', '20']",2025/09/01
4110,"['08', '12', '21', '38', '40', '43', '25']",2025/09/04
4111,"['01', '03', '33', '38', '39', '42', '31']",2025/09/08
4112,"['02', '15', '19', '35', '41', '48', '33']",2025/09/11
4113,"['10', '19', '25', '29', '33', '37', '24']",2025/09/15
4114,"['06', '08', '09', '20', '45', '49', '21']",2025/09/18
4115,"['08', '15', '22', '24', '43', '47', '44']",2025/09/22
4116,"['01', '06', '09', '11', '29', '36', '12']",2025/09/25
4117,"['15', '16', '22', '34', '35', '43', '26']",2025/09/29
4118,"['19', '22', '26', '37', '40', '46', '14']",2025/10/02
4119,"['10', '15', '22', '31', '42', '48', '04']",2025/10/06
4120,"['13', '14', '19', '22', '31', '42', '41']",2025/10/09
4121,"['05', '31', '33', '34', '38', '46', '39']",2025/10/13
4122,"['02', '04', '08', '19', '35', '39', '07']",2025/10/16
4123,"['03', '10', '13', '15', '32', '37', '08']",2025/10/20
4124,"['07', '14', '17', '18', '31', '38', '46']",2025/10/23
4125,"['04', '12', '14', '24', '36', '38', '17']",2025/10/27
4126,"['01', '05', '31', '34', '38', '45', '21']",2025/10/30
4127,"['10', '19', '22', '34', '39', '43', '35']",2025/11/03
4128,"['03', '20', '24', '29', '32', '44', '46']",2025/11/06
4129,"['02', '11', '12', '19', '25', '36', '16']",2025/11/10
4130,"['06', '13', '18', '22', '34', '35', '40']",2025/11/13
4131,"['03', '09', '12', '18', '19', '34', '24']",2025/11/17
4132,"['11', '13', '22', '31', '47', '49', '39']",2025/11/20
4133,"['08', '25', '27', '34', '45', '47', '19']",2025/11/24
4134,"['06', '08', '17', '28', '32', '46', '16']",2025/11/27
4135,"['02', '10', '24', '35', '45', '49', '37']",2025/12/01
4136,"['01', '05', '24', '36', '41', '46', '39']",2025/12/04
4137,"['09', '12', '15', '23', '27', '47', '45']",2025/12/08
4138,"['06', '11', '20', '28', '33', '43', '16']",2025/12/11
4139,"['17', '21', '22', '35', '37', '42', '09']",2025/12/15
4140,"['02', '14', '15', '30', '31', '43', '27']",2025/12/18
4141,"['04', '05', '13', '22', '24', '30', '36']",2025/12/22
4142,"['03', '08', '15', '28', '37', '43', '49']",2025/12/25
4143,"['02', '04', '22', '24', '30', '33', '49']",2025/12/29
4144,"['11', '18', '20', '32', '38', '39', '34']",2026/01/02
4145,"['05', '20', '35', '39', '40', '49', '27']",2026/01/05
4146,"['03', '14', '15', '17', '25', '27', '31']",2026/01/08
4147,"['01', '09', '16', '18', '35', '43', '12']",2026/01/12
4148,"['16', '32', '34', '35', '36', '41', '14']",2026/01/15
4149,"['04', '11', '21', '23', '31', '35', '48']",2026/01/19
4150,"['06', '22', '27', '32', '37', '44', '19']",2026/01/22
4151,"['10', '11', '13', '26', '32', '39', '44']",2026/01/26
4152,"['11', '13', '16', '31', '42', '48', '21']",2026/01/29
4153,"['04', '19', '40', '41', '46', '47', '20']",2026/02/02
4154,"['06', '18', '24', '26', '36', '48', '05']",2026/02/05
4155,"['10', '15', '29', '31', '33', '49', '30']",2026/02/09
4156,"['10', '15', '25', '43', '45', '49', '04']",2026/02/13
4157,"['13', '24', '28', '34', '37', '44', '29']",2026/02/16
4158,"['08', '16', '17', '34', '38', '48', '25']",2026/02/19
4159,"['24', '26', '30', '32', '37', '47', '02']",2026/02/23
4160,"['05', '09', '20', '23', '45', '46', '07']",2026/02/27
4161,"['06', '08', '28', '37', '41', '49', '40']",2026/03/02
4162,"['01', '05', '12', '15', '22', '42', '37']",2026/03/05
4163,"['07', '13', '14', '17', '40', '44', '35']",2026/03/09
4164,"['12', '25', '33', '40', '43', '46', '21']",2026/03/12
4165,"['06', '14', '18', '22', '35', '36', '13']",2026/03/16
4166,"['03', '27', '34', '35', '38', '49', '17']",2026/03/19
4167,"['04', '25', '28', '33', '43', '48', '31']",2026/03/23
4168,"['04', '07', '22', '29', '33', '46', '48']",2026/03/26
4169,"['04', '12', '26', '30', '46', '47', '06']",2026/03/30
4170,"['01', '07', '08', '23', '30', '33', '21']",2026/04/02
4171,"['14', '23', '29', '30', '39', '48', '12']",2026/04/06
4172,"['01', '02', '06', '09', '44', '48', '24']",2026/04/09
4173,"['04', '08', '10', '15', '16', '26', '17']",2026/04/13
4174,"['01', '03', '06', '12', '21', '41', '18']",2026/04/16
4175,"['03', '05', '09', '23', '43', '49', '08']",2026/04/20
4176,"['03', '05', '15', '23', '37', '42', '48']",2026/04/23
4177,"['03', '11', '13', '22', '28', '48', '21']",2026/04/27
4178,"['02', '06', '07', '31', '35', '39', '15']",2026/04/30
4179,"['07', '18', '19', '30', '36', '48', '11']",2026/05/04
4180,"['02', '03', '08', '16', '20', '47', '10']",2026/05/07
4181,"['06', '10', '25', '26', '34', '40', '30']",2026/05/11
4182,"['04', '08', '21', '25', '43', '46', '32']",2026/05/14
4183,"['07', '18', '32', '37', '41', '44', '19']",2026/05/18
4184,"['11', '18', '25', '36', '39', '49', '41']",2026/05/21
4185,"['11', '12', '24', '33', '38', '46', '30']",2026/05/25
4186,"['10', '13', '30', '35', '38', '44', '15']",2026/05/28
4187,"['02', '19', '26', '29', '33', '36', '21']",2026/06/01
4188,"['03', '05', '20', '23', '26', '27', '28']",2026/06/04
4189,"['10', '15', '28', '39', '40', '46', '12']",2026/06/08
4190,"['14', '16', '21', '22', '35', '38', '36']",2026/06/11
4191,"['09', '16', '27', '28', '32', '49', '18']",2026/06/15
4192,"['02', '07', '11', '19', '20', '42', '23']",2026/06/18
4193,"['04', '11', '15', '16', '21', '39', '20']",2026/06/22
4194,"['04', '21', '23', '28', '31', '39', '41']",2026/06/25
4195,"['06', '11', '22', '23', '31', '34', '14']",2026/06/29
4196,"['05', '07', '11', '37', '46', '49', '16']",2026/07/02
4197,"['08', '25', '34', '37', '39', '46', '44']",2026/07/06
4198,"['23', '27', '31', '38', '42', '47', '29']",2026/07/09
4199,"['14', '22', '32', '33', '36', '46', '42']",2026/07/13
4200,"['06', '27', '28', '41', '43', '44', '19']",2026/07/16
4201,"['01', '08', '11', '14', '33', '43', '44']",2026/07/20
4202,"['08', '11', '17', '21', '37', '48', '35']",2026/07/23
4203,"['22', '23', '30', '36', '44', '48', '28']",2026/07/27
4204,"['04', '07', '16', '23', '30', '32', '08']",2026/07/30
4205,"['09', '29', '30', '35', '36', '40', '11']",2026/08/03
4206,"['05', '07', '30', '33', '36', '46', '44']",2026/08/07
4207,"['03', '06', '17', '32', '33', '39', '07']",2026/08/10
4208,"['04', '11', '22', '32', '40', '49', '37']",2026/08/13
4209,"['09', '16', '22', '24', '33', '47', '08']",2026/08/17
4210,"['03', '18', '19', '25', '27', '48', '40']",2026/08/20
4211,"['13', '22', '26', '38', '39', '44', '06']",2026/08/24
4212,"['08', '09', '14', '17', '35', '40', '18']",2026/08/27
4213,"['07', '26', '33', '39', '41', '46', '11']",2026/08/31
4214,"['29', '33', '39', '42', '43', '44', '49']",2026/09/03
4215,"['04', '07', '13', '23', '27', '32', '48']",2026/09/07
